objectnummer,instelling.naam,objectnaam,titel,beschrijving,vervaardiger,vervaardiger.rol,vervaardiging.datum.begin,vervaardiging.datum.eind,vervaardiging.plaats;;;;;;;;
"14266,STAM (Gent),schepwerk,Steel van een vork of lepel met adelaar en swastika,"""","""","""",1933,1945,""""";;;;;;;;
"07391,STAM (Gent),wijwaterbakje,wijwatervaatje,""het kelkvormig wijwatervaatje op voetstukje, waarvan het deksel verdwenen is, heeft een kruisbeeld met een ophangoog"","""","""",1800,1849,""""";;;;;;;;
"00675,STAM (Gent),paneel (object),paneel,"""","""","""","""","""",""""";;;;;;;;
"A63.07,STAM (Gent),gewicht (schaalonderdeel),Unstergewicht,""Peervormig gewicht dat gebruikt werd voor het wegen met een unster waarbij het, aan de arm gehangen, in evenwicht werd geschoven met de last bij middel van een haak gehangen in een oog gevormd door rechte stijlen.";;;;;;;;
"Hier is het unstergewicht voorzien van 35 ijkmerken: o.a. een schild met de leeuw (Gent) en vele rechthoekige merken. Bovenaan is een ring met S-vormige haak in de ring. Het gewicht werd gevonden in Ronsele bij Zomergem."",onbekend,"""",1600,1799,Gent";;;;;;;;
"12926,STAM (Gent),gebrandschilderd glas,Gekroonde vrouw,"""","""","""","""","""",""""";;;;;;;;
"A2005.02.364,STAM (Gent),stempel,""Zegelstempel van de Norbertinessen van Bethania in Veurne, 1619"",De ovale zegelstempel heeft in het veld de voorstelling aartsbisschop Norbertus met montrans en staf in de hand. Aan zijn voeten liggen een draak (symbool van het kwade) en een figuur. Misschien is dit de ketter Tanchelm die Norbertus in Antwerpen in 1124 met succes bestreed. Het opschrift is op de rand aangebracht.,onbekend,"""",1619,1619,Veurne";;;;;;;;
"A2005.02.367,STAM (Gent),stempel,Zegelstempel met wapenschild van de Sint-Pietersabdij te Gent,Ovale stempel met een rococo cartouche waarin het wapenschild van de Gentse Sint-Pietersabdij: drie sleutels twee en een geplaatst. Onder de cartouche op een bandrol is het devies aangebracht.,onbekend,"""",1750,1799,Gent";;;;;;;;
"A2005.02.363,STAM (Gent),stempel,Zegelstempel met Maria ten hemelopneming,De ovale zegelstempel heeft in het veld de voorstelling Maria die op een maansikkel staat. Rondom haar zijn vier engelen afgebeeld. twee daarvan houden een kroon boven haar hoofd. De twee andere houden haar kleed vast. Het opschrift is op de rand aangebracht.,onbekend,"""",1500,1699,Gent";;;;;;;;
"07400,STAM (Gent),fruitschaal,fruitschaal op ronde voet met balusterstam en cirkelvormige schaal,"""","""","""",1800,1899,""""";;;;;;;;
"A65.02.048,STAM (Gent),olieverfschildering,Rund met grote horens,Uit het etiket op de omlijsting blijkt dat het om een studie gaat van een rund. Het dier wendt de zware kop naar de toeschouwer. Het is van opzij gezien en ietwat bont (bruin met witte plekken) en afgebeeld tegen een uniforme beige achtergrond.,""Verboeckhoven, Eugène"",schilder,1820,1881,België";;;;;;;;
"A2005.02.368,STAM (Gent),stempel,Zegelstempel,Ronde stempel met in het veld een gekroond en gehelmd wapenschild tussen twee schildhoudende klimmende leeuwen. Vier vlaggenstokken met vlaggen vervolledigen het geheel. Het wapenschild heeft aan ene zijde een klimmende leeuw en aan de andere zijde drie balken waartussen lelies. Het deel met de klimmende leeuw  verwijst naar de familie De Gavere. Op de rand is en parellijst aangebracht.,onbekend,"""",1750,1799,Gent";;;;;;;;
"03009,STAM (Gent),wafelijzer,Wafelijzer,Tweeledig cirkelvormig wafelijzer,onbekend,"""","""","""",Vlaanderen";;;;;;;;
"07396,STAM (Gent),graanmaat,graanijkmaat,cilindervormige graanijkmaat met twee ringvormige handvatten,onbekend,"""",1200,1499,Nederland";;;;;;;;
"A2013.076,STAM (Gent),gedenkpenning,""Gedenkpenning 25ste verjaring Gentse Gymnastische Volksmaatschappij, 1896"",""Centraal op een versierde middencirkel het gekroonde Gentse wapenschild met ernaast links, STAD en rechts, GENT "; rondom langs een opkrullende banderol die onder de cirkel loopt, allerlei sport- en turntoestellen en bovenaan een pancarte bovenop eikenbladeren met erboven de olympische vlam en met rondom een geprofileerde rand.;;;;;;;
Op de andere zijde ligt  binnen een verdiept middengedeelte waarvan de rand versierd is met streepjes, een leeuw naar links op een plaat met het opschrift, EENDRACHT BAART MACHT en met onder de plaat een gekruiste fakkel en stok, samen gestrikt en onderaan versierd met bladeren met eronder, BAETES ANVERS ; boven de leeuw zijn stralen waarop de tekst, FÉDERATION BELGE DE GYMNASTIQUE en rond de cirkel bovenaan, <> 25E VERJARINGSFEEST • DER • GYMNASTISCHE • VOLKSMAATSCHAPPIJ <> ; onderaan, GENT •18 • 20 • JULI • 96 en met rondom een geprofileerde rand.;;;;;;
;;;;;;;;
De “Gymnastische Volksmaatschappij”, opgericht op 1 mei 1871, vierde in 1896 haar 25-jarig bestaan. De festiviteiten namen reeds een aanvang op 19 april door de inrichting van een groot liefdadigheidsfeest in de Nieuwe Cirk waarbij zowel de Gentse burgemeester Braun als de provinciegouverneur de Kerchove d'’Exaerde aanwezig waren. Bij de ingangskaarten hiervoor werden broodkaarten gevoegd zodat de bezoekers zelf een liefdadig werk konden doen.;;;;;;;;
Door de acht Gentse turnverenigingen welke lid waren van de Belgische Turnbond, werd een organisatiecomité opgericht voor het inrichten van de feesten die zouden doorgaan van 18 tot 20 juli. Op 10 mei had reeds een verjaringsconcert plaats in de Gentse dierentuin terwijl het turnfeest voor de jeugd op 5 juli gehouden werd.;;;;;;;;
Het orgelpunt van het jubileum nam een aanvang op 18 juli door een gezellig feest in de Lion d’ Or. De volgende morgen werden de deelnemers ontvangen op het Gentse stadhuis waar de voorzitter Camille Nijs aan burgemeester Braun een herinneringsmedaille overhandigde. In de namiddag en de volgende dag ging op Sint-Pietersplein de turngala door die werd afgesloten met het vormen van piramiden door de jubilerende vereniging waarna ze van de Volkskring van Antwerpen een zilveren lauwertak en een gedenkpenning in ontvangst mochten nemen.;;;;;;;;
De laureaten werden bedacht met prijspenningen en kunstvoorwerpen terwijl alle deelnemende turnkringen een gedenkpenning ontvingen.;;;;;;;;
"Bruikleen van de rederijkerskamer De Fonteine."",""Baetes, Jules"",ontwerper,1896,1896,Gent";;;;;;;;
"A2013.075,STAM (Gent),gedenkpenning,""Gedenkpenning vlaggenfeest te Brussel, 1887"",""De buste van koning Leopold II staat naar links met rondom, langs de geprofileerde rand, LEOPOLD II ROI (links) DES BELGES (rechts) A. FISCH (onderaan).";;;;;;;;
Op de keerzijde staat de tekst,  FÊTES NATIONALES / GRAND / CONCOURS NATIONAL / DE / DRAPERAUX, D’ETENDARDS / ET DE / BANNIÈRES / LE 22 AOÛT 1887 ( de eerste en de laatste zin volgen de geprofileerde rand.);;;;;;;;
"Bruikleen van de rederijkerskamer De Fonteine."",""Fisch, Antoine"",ontwerper,1887,1887,België";;;;;;;;
"A2013.074,STAM (Gent),gedenkpenning,""Gedenkpenning Eerste steenlegging der kaaimuren, 1882"",""De voorstelling van de Gentse maagd (type Lemaire)"; ze zit lichtjes schuin met rechts van haar de leeuw met zijn voorpoten op haar rechterbeen; in haar rechterhand een vlag met het opschrift S.P.Q.G. ; haar linkerarm rust op een groot schild met een leeuw; ze heeft lange haren en draagt een kroon; haar gewaad met korte gepofte mouwen hangt tot over haar voeten; naast het schild op de grond staan een wereldbol, boeken en een lauwerkrans; op de achtergrond staat een afsluiting en in de verte ziet men de Gentse torens en schouwen ; rechts op de afsnede, LEMAIRE en met rondom een geprofileerde rand.
Op de keerzijde staat in het veld,  HEDEN / 11 JUNI 1882 / WERD GELEGD / DE EERSTE STEEN DER / KAAIMUREN / VAN / DE VOORHAVEN met rondom een parelcirkel met erbuiten langs de rand, bovenaan, ZEEVAART-INRICHTINGEN DER STAD GENT en onderaan een bloemetje en met rondom een geprofileerde rand.;;;;;;;;
;;;;;;;;
Op 11 juni 1882 werd de eerste steen gelegd van de kaaimuren van de nieuwe voorhaven. Om 15.30 h, na het banket in het stadhuis, trok een stoet naar de Muide. Deze bestond, naast de personaliteiten, uit 93 Gentse maatschappijen en had zich op de Korenmarkt gevormd. Iedere maatschappij had zijn vaandel voorop. Mogelijks waren de Fonteinisten ook aanwezig.;;;;;;;;
Aangekomen aan de voorhaven schetste burgemeester H. Lippens de geschiedenis van de Gentse haven waarna de Minister van Binnenlandse zaken Rolin-Jacquemyns het belang van het kanaal Gent-Terneuzen toelichtte. Vervolgens werd, in een werkkamer die met kettingen aan een vlottende stelling hing, de steen ingemetseld. Hij bevatte een oorkonde en de muntstukken van het jaar. Het stadsbestuur gaf een medaille uit om deze gebeurtenis te vereeuwigen. Men gebruikte opnieuw de voorzijde van de penning vorig jaar door Victor Lemaire ontworpen. Er werden 150 exemplaren besteld aan 2 fr. per stuk. De totale kostprijs samen met de stempels bedroeg 340 fr.;;;;;;;;
Door het stadsbestuur werd op 2 juni 1882 een bijzonder krediet van 3.000 fr. gestemd op de begroting om al deze feesten te bekostigen.;;;;;;;;
"Bruikleen van de rederijkerskamer De Fonteine."",""Lemaire, Victor"",ontwerper,1882,1882,België";;;;;;;;
"A2013.073,STAM (Gent),gedenkpenning,""Gedenkpenning voor het toneelfestival van de Vlaemsche Ster uit Ieper, 1881"",""Bovenop een opkrullend veld staat het wapenschild van Ieper gehouden rechts door een staande leeuw die naar  rechts kijkt en een kanon op zijn schouder houdt en dat alles omgeven rechts en links door een lauriertak en met rondom een geprofileerde rand.";;;;;;;;
Op de andere zijde is binnen een krans van twee lauriertakken die onderaan samen gestrikt zijn,  ingegraveerd, VLAEMSCHE STER / YPEREN (de N is in spiegelschrift) / Tooneelkundig festival / 1879-81 en met rondom een geprofileerde rand.;;;;;;;;
;;;;;;;;
Net als in 1861 (A2013-64) werd door de Vlaamse Ster uit Ieper een toneelfestival ingericht dat ditmaal liep over twee toneelseizoenen. Hoewel het niet echt een wedstrijd was werden de deelnemers gevraagd een blijspel en een drama ten tonele te voeren. Als Gentse deelnemers kwamen naast de Fonteinisten ook de spelers van Het Nederlands Toneel op de planken.;;;;;;;;
De Fonteine kwam in de eerste reeks, seizoen 1879-1880, aan de beurt terwijl hun Gentse opponenten in het tweede reeks mochten aantreden.;;;;;;;;
Op zondag 20 februari 1881 voerde de inrichtende maatschappij Vlaemsche Ster het toneelstuk “Martha de Krankzinnige” op waarna de gedenkpenningen werden overhandigd aan alle deelmenende toneelgroepen. Verder werden geldprijzen uitgeloot. De hoofdprijs van 100 frank was voor De Jonge Toneelliefhebbers van Schaarbeek terwijl het Gentse deelnemers de andere twee prijzen bekwamen : Het Nederlands Toneel kreeg 75 frank en de Fonteinisten 50 frank.;;;;;;;;
Het was opmerkelijk dat beide Gentse maatschappijen samen deelnamen aan dit festival want later in het jaar 1881 zou de verstandhouding merkelijk bekoelen.;;;;;;;;
In 1871 werd te Gent Het Nederlands Toneel opgericht. Het was het eerste Gentse Nederlandstalige beroepstoneel en werd als dus danig gesubsidieerd door het Stadsbestuur, al was de toelage veel minder dan voor het Franstalig toneel. De Gentse krant “Gazette van Gent” was zeer opgezet met dit gezelschap en berichtte hierover herhaaldelijk, zelfs met de stelling dat hun prestaties ver stonden boven de vertoningen van de toenmalige Gentse amateur toneelmaatschappijen, Van Crombrugghes Genootschap, de Volksvrienden en de Fonteinisten.  Deze laatste kropen in hun pen om op 4 mei 1881 de krant van antwoord te dienen en te stellen dat “het hun niet voegt een oordeel over hen zelven te vellen en dat zij liever aan het kunstminnend publiek overlaten om te beslissen in hoeverre bovengenoemde beoordeling geheel en al met de waarheid overeenkomstig is”.;;;;;;;;
In hetzelfde jaar bekwamen de amateurtoneelmaatschappijen van het stadsbestuur een toelage voor hun vertoningen tijdens de Gentse feesten terwijl Het Nederlands Toneel, dat gesubsidieerd was, er geen kreeg wat ditmaal op veel protest van de krant kon rekenen.;;;;;;;;
"Bruikleen van de rederijkerskamer De Fonteine."",""Wiener, Jacques"",ontwerper,1881,1881,België";;;;;;;;
"A2013.072,STAM (Gent),erepenning,""Erepenning van het Van Crombrugghe’s Genootschap aan de Fonteinisten, 1879"",""De penning bestaat uit een effen rond plaatje, gevat in een ring met rondom siermotieven en met en een concave versierde boord en met bovenaan twee krullen met een gesloten kroon en ring. Het plaatje is als volgt ingegraveerd :";;;;;;;;
HET VAN CROMBRUGGHE’S GENOOTSCHAP (rondom bovenaan) / aan de Maat- / schappij de / Fonteinisten / lijnen;;;;;;;;
En op de andere zijde,  Herinnering / aan de plechtige in= / trede onzer tooneelaf= / deeling na den prijskamp / te Oostende op Zondag / 1 Juni 1879;;;;;;;;
;;;;;;;;
Het Van Crombrugghe’s Genootschap, een vrijzinnige, Vlaams-liberale sociaal-culturele vereniging werd gesticht in 1857. De naam werd gekozen als eerbetoon aan de  Gentse burgemeester Van Crombrugghe die zich als geen ander inzette voor de Gentse gemeentescholen. Aanvankelijk was de primaire taak van het genootschap het behartigen van de belangen van het stedelijk onderwijs. De eerste zorg was het inrichten van een bibliotheek en een leeszaal. Door giften van onder andere Emiel Moyson telde de bibliotheek een jaar na de oprichting al meer dan 700 werken.;;;;;;;;
Op initiatief van de leden werden mettertijd allerlei afdelingen opgericht. Er ontstonden afdelingen voor de jeugd, voor sport, voor reizen enz. De toneel- en later de zangvereniging waren decennialang toonaangevend in het Gentse en waren vooral in de 19de eeuw erg populair. In die periode werden meermaals prijskampen in voordracht ingericht. Ook deelname aan wedstrijden in andere steden van Vlaanderen was aan de orde.;;;;;;;;
Op 1 juni 1879 nam de toneelafdeling deel aan wedstrijden te Oostende en bekwam er de eerste prijs in Blijspel en de tweede prijs voor Drama.;;;;;;;;
Het bestuur van de Koninklijke Maatschappij De Fonteinisten besliste gezamenlijk met het bestuur van de Maatschappij ter Bevordering van Nijverheid en Wetenschappen om de laureaten plechtig in het halen aan het Zuidstation. Er werd dan ook een oproep gelanceerd aan alle Gentse verenigingen om deel te nemen aan deze plechtigheid om aldus vanaf het station, in stoet, naar het Gentse Stadhuis te stappen alwaar ze door het stadsbestuur gevierd zouden worden.;;;;;;;;
Als dank voor het inrichten van deze ontvangst werden de Fonteinisten door Van Crombrugghe’s Genootschap bedacht met deze medaille. Ook de Maatschappij ter Bevordering van Nijverheid en Wetenschappen mocht een gelijkaardig stuk in ontvangst nemen. Het bevind zich thans in de verzameling van het Huis van Alijn (voormalig Museum van Volkskunde).;;;;;;;;
"Bruikleen van de rederijkerskamer De Fonteine."","""","""",1879,1879,""""";;;;;;;;
"02236.2-4 2-7,STAM (Gent),olieverfschildering,De dorstigen laven,Dit is het tweede stuk van de zevendelige reeks van 'De Werken van barmhartigheid'. Armen en gebrekkige mensen en kinderen krijgen te drinken van twee gouverneurs van de Armenkamer onder het toezienend oog van de Maagd van Gent. Op de achtergrond is de toren van het Belfort van Gent te herkennen. Waarschijnlijk is dit één van de twee stukken die Le Plat al op 12 februari 1691 afleverde waarna hij de opdracht kreeg ook de vijf andere werken van barmhartigheid te schilderen.,""Le Plat, Gillis"",schilder,1691,1691,Zuidelijke Nederlanden";;;;;;;;
"02236.3-4,STAM (Gent),olieverfschildering,Stichting van de armenkamer door Karel V,""Dit schilderij maakt deel uit van de versiering van de vergaderzaal van de gouverneurs van de Armenkamer te Gent samen met zeven schilderijen van Gilles Le Plat (nr. 85-91). Het houtsnijwerk aan de schouw is geleverd door Norbert Sauvage. Voor het schilderij op de schouw ontving Jan van Cleef een betaling op 25 augustus 1689. De 'Werken van Barmhartigheid' van Le Plat werden pas in 1691 geschilderd. Het schilderij beeldt de stichting uit van de armenkamer door Karel V in 1531. De keizer zit rechts op een troon. Naast hem staan de Maagd van Gent met een leeuw, een vrouw met twee kinderen (symbool van de Caritas) en een engel met een hoorn des overvloeds. Links worden aalmoezen uitgedeeld. Op de achtergrond kunnen de torens van Gent worden onderscheiden. De opzet van dit werk zou geïnspireerd zijn op een schilderij van Gaspard de Crayers 'Karel V draagt zijn macht over aan Filips II'. De kledij die Karel V draagt is overgenomen uit het werk 'De onderwerping van de Duitse vorsten en vrijsteden aan Karel V' van dezelfde schilder. Dit laatste werk is verloren gegaan en enkel nog bekend van een prent van A. Van der Does (Van de Velde & Vlieghe, 1969, p. 87, afb. 41). Van Cleef heeft de groep armen, die bedeeld worden, overgenomen uit 'Bekering van de heilige Bavo' van Rubens. Dit werk hangt in de Sint-Baafskerk van Gent (K.d.K., Rubens (1921), p. 275). Een ontwerptekening voor het schilderij wordt bewaard in de Bibliotheek van het Provinciaal Genootschap van Kunsten en Wetenschap in Noord-Brabant in 's Hertogenbosch (als Van Thulden, blad h"; in bruin, grijs gewassen, 179 x 293 mm). Van dit oorspronkelijk rechthoekig blad werden de vier hoeken schuin afgesneden;" ook het gedeelte dat onderaan in het midden op het grote doek door een cartouche wordt bedekt, is weggesneden uit het blad. De tekening toont nog niet de bogen achteraan en in de houdingen van de figuren zijn in het uiteindelijke schilderij ook nog enkele wijzigingen aangebracht."",""Van Cleve, Jan (III)"",schilder,1689,1689,Gent";;;;;;
"A2009.02.18,STAM (Gent),foto,Groepsportret van 39 zusters,""Groepsportret van 39 zusters in koorhabijt. De vierde zuster onderaan van links te beginnen kan waarschijnlijk geïdentificeerd worden met Seraphine Lagae, en de vijfde zuster onderaan van links te beginnen is algemeen overste Barbara Melckers, die deze functie bekleedde vanaf 1909."",""Sacré, Edmond"",fotograaf,1909,1951,Gent";;;;;;;;
"02236.2-4 7-7,STAM (Gent),olieverfschildering,De doden begraven,""Dit is het zevende en laatste stuk van de zevendelige reeks 'de Werken van barmhartigheid' geschilderd door Gillis Le Plat. Bij het delven van het graf en het aandragen van de dode lichamen zijn geen gouverneurs van de Armenkamer betrokken, zoals dat wel het geval was bij de andere Werken van barmhartigheid. Het zijn slechts twee klerken met zwarte kalotjes die hier voorgesteld zijn. De Maagd van Gent wijst de plaats aan waar het lichaam moet neergelegd worden. Zoals bij het vorige stuk is de handeling verlicht door fakkels, dat voor een spookachtig effect zorgen."",""Le Plat, Gillis"",schilder,1691,1691,Zuidelijke Nederlanden";;;;;;;;
"A2009.02.05,STAM (Gent),lithografie (prent),Portret van Eerwaarde Moeder Benedicta,""Portret van Priorin Benedicta, die op 20 april 1868 in die functie werd aangesteld. Zuster Benedicta, geboren als Charlotta De Backere, trad in 1853 op 25-jarige leeftijd toe tot de orde. Ze verbleef vanaf 1878 in de Toevlucht van Maria waar ze overleed op 1 maart 1902";" tijdens haar afwezigheid werd een plaatselijke overste aangesteld, die de leiding had over de zusters van de Bijloke. De overste wordt voorgesteld in koorhabijt met een boek in de handen."",""Van Loo, Florimond"",lithograaf,1868,1902,Gent";;;;;;;
"03239,STAM (Gent),heft,Mesheft,Mesheft met rankmotief waarvan de oorspronkelijke emailversiering verdwenen is.,onbekend,"""",1540,1560,Nederlanden";;;;;;;;
"N.01720,STAM (Gent),armenpenning,""Armenpenning van de Heilige sacramentskapel van St-Baafs te Gent, 1681";;;;;;;;
,Een kelk met een hostie met onderaan langs beide zijden een gevleugeld engelenkopje en langs beide zijden langs de rand graanhalmen en wijnbladeren links onder een wolk, 16 en rechts 81 en met rondom een geprofileerde rand.;;;;;;;;
Op de keerzijde staat centraal een monstrans op voetstuk en langs beide zijden een engel geknield op een wolk en met rondom een geprofileerde rand.;;;;;;;;
;;;;;;;;
;;;;;;;;
","","",1681,1681,""
A2013.078,STAM (Gent),gedenkpenning,Gedenkpenning onthulling monument Charles De Kerchove, 1898"",""De voorstelling van de Gentse maagd (type Lemaire)"; ze zit lichtjes schuin met rechts van haar de leeuw met zijn voorpoten op haar rechterbeen; in haar rechterhand een vlag met het opschrift S.P.Q.G. ; haar linkerarm rust op een groot schild met een leeuw; ze heeft lange haren en draagt een kroon; haar gewaad met korte gepofte mouwen hangt tot over haar voeten; naast het schild op de grond staan een wereldbol, boeken en een lauwerkrans; op de achtergrond staat een afsluiting en in de verte ziet men de Gentse torens en schouwen en met rechts op de afsnede, LEMAIRE en rondom een verhoogde boord.;
Op de keerzijde staat de tekst, rondom bovenaan, STAD GENT * * * ; rondom onderaan, 24 JULI 1898 * * * ; in het veld omgeven door een cirkelvormig boordje, ---°--- / ONTHULLING / VAN HET GEDENKTEEKEN / OPGERICHT TER VEREERING / VAN DEN HEER GRAAF / KAREL DE KERCHOVE DE DENTERGHEM / BURGEMEESTER DER STAD GENT / VAN I857 TOT I881 /  ---°---;;;;;;
;;;;;;;;
Charles de Kerchove de Denterghem (Gent, 4 juni 1819 – 21 februari 1882) studeerde voor burgerlijk ingenieur. Hij werd provincie- en kamerlid en in 1857 burgemeester van Gent wat hij bleef tot kort vóór zijn dood, 24 jaar lang.;;;;;;;;
Op 24 juli 1898 werd het, ongetwijfeld spectaculairste, monument van Gent ingehuldigd aan de ingang van het Citadelpark, dat Charles de Kerchove de Denterghem zelf liet aanleggen.;;;;;;;;
Een stoet gevormd door 81 maatschappijen en muziekkorpsen vertrok vanuit het stadhuis naar het Citadelpark onder het luiden van Klokke Roeland.;;;;;;;;
Burgemeester Braun hield er de gelegenheidsrede waarna alle maatschappijen voorbij defileerden en een herinneringsmedaille van het stadsbestuur in ontvangst mochten nemen. Ook Hippolyte Le Roy, de beeldhouwer van het monument, en Marchand, architect werden met een medaille bedacht.;;;;;;;;
Mogelijks was de Fonteine ook van de partij waardoor ze dit stuk bezitten.;;;;;;;;
"Bruikleen van de rederijkerskamer De Fonteine."",""Lemaire, Victor"",ontwerper,1898,1898,België";;;;;;;;
"A2013.077,STAM (Gent),gedenkpenning,""Gedenkpenning Onthulling gedenkteken Snellaert, 1896"",""Het Gentse wapenschild staat op een gekroond opkrullend veld omgeven door een eikentak (links) en een lauriertak (rechts), beide onderaan samengebonden, en met rondom een parelcirkel, een boord met bolletjes en een geprofileerde rand.";;;;;;;;
Op de andere zijde staat een gesloten krans van ineengestrengelde eiken- en lauriertakken met binnen de krans en in een cirkel, ONTHULLING / VAN / ’T GEDENKTEEKEN / OP HET GRAF / VAN DR / F.A.SNELLAERT / 20 SEPT I896 (de eerste en de laatste zin volgen de cirkel) en met rondom een geprofileerde rand.;;;;;;;;
;;;;;;;;
Ferdinand Snellaert werd geboren te Kortrijk op 21 juli 1809 en overleed te Gent op 3 juli 1872. Hij volgde zijn opleiding in zijn geboortestad (1822-1827) maar deed – na het vroegtijdig overlijden van zijn moeder – kosteloos medische studies aan het Rijkshospitaal te Utrecht (1827-1829) en werd daarna officier van gezondheid in het leger. Hij nam ontslag in 1835 en studeerde af te Gent als doctor in de genees- heel- en verloskunde. Hij vestigde zich als huisarts en had een uitgebreide maar weinig lucratieve praktijk omdat hij de armen kosteloos hielp.;;;;;;;;
Snellaert was samen met Jan-Frans Willems een voorvechter van de Vlaamse beweging.;;;;;;;;
Hij werd na zijn overlijden begraven op het Campo Santo en op 20 september 1896 werd zijn praalgraf plechtig ingehuldigd. In 1886 was reeds het literaire genootschap “Snellaert-kring” opgericht.;;;;;;;;
In 1909 werd ter gelegenheid van zijn 100ste verjaring een herdenking gehouden die eveneens aanleiding gaf voor de uitgifte van een penning (N.46).;;;;;;;;
"Bruikleen van de rederijkerskamer De Fonteine."","""","""",1896,1896,""""";;;;;;;;
"03949,STAM (Gent),deksel,Deksel in aardewerk,""Deksel in geel en roodbakkend aardewerk. Licht conische bovenzijde, vlakke onderzijde met massief, rechthoekig grjjpoog. Op de bovenzijde en op het grijpoog komt een versiering voor in de vorm van driehoekjes en puntjes. Kunnen gediend hebben als strijkijzer of om as- en vuurpotten af te dekken. Gevonden in Heusden en aan het museum geschonken door generaal Raymackers in 1935."","""","""",1300,1499,""""";;;;;;;;
"12362,STAM (Gent),slot (afsluitingsmiddel),Slot,"""","""","""","""","""",""""";;;;;;;;
"I.00195.01-22,STAM (Gent),militair insigne,""Nazi-insigne, Arend met gespreide vleugels, lauwerkrans met swastika aan de poten"","""",Berg & Nolte AG,"""",1930,1945,Lüdenscheid";;;;;;;;
"A2013.079,STAM (Gent),gedenkpenning,""Stadspenning Provinciale tentoonstelling te Gent, 1899"",""De voorstelling van de Gentse maagd (type Lemaire)"; ze zit lichtjes schuin met rechts van haar de leeuw met zijn voorpoten op haar rechterbeen en met in haar rechterhand een vlag met het opschrift S.P.Q.G. ; haar linkerarm rust op een groot schild met een leeuw; ze heeft lange haren en draagt een kroonen haar gewaad met korte gepofte mouwen hangt tot over haar voeten; naast het schild op de grond staan een wereldbol, boeken en een lauwerkrans; op de achtergrond staat een afsluiting en in de verte ziet men de Gentse torens en schouwen ; rechts op de afsnede, LEMAIRE en met rondom een verhoogde boord.;;
Op de andere zijde staat de tekst, rondom bovenaan, PROVINTIALE TENTOONSTELLING VAN en rondom onderaan, TÉMOIGNAGE DE RECONNAISSANCE , beide omschriften gescheiden door twee bloemetjes ; in het veld omgeven door een cirkelvormig boordje, OOST VLAANDEREN / GENT I899 / ERKENTELIJK AANDENKEN / . ---- . bloem . --- . / EXPOSITION PROVINCIALE / DE LA FLANDRE ORIENTALE / GAND I899 en met rondom een geprofileerde rand.;;;;;;;
;;;;;;;;
Op initiatief van Lodewijk De Vriese ontstond reeds in 1897 het idee om te Gent een provinciale tentoonstelling te houden. In het vooruitzicht van de uitbreiding van het stadspark stelde de stad de Citadelkazerne ter beschikking. Enkele wallen moesten worden afgebroken maar op 9 oktober 1898 werd de eerste steen voor het tentoonstellingsgebouw gelegd. Op 1 juni 1899 kwam Prins Albert de tentoonstelling openen. Elke dag grepen er feestelijkheden plaats zoals concerten, toneelopvoeringen, bloemenstoeten, ruiterfeesten enz.;;;;;;;;
De organisatie van deze tentoonstelling was duidelijk een oefening voor de latere Wereldtentoonstelling in 1913.;;;;;;;;
Op numismatisch gebied was deze provinciale tentoonstelling bescheidener dan haar prestigieuze opvolger. Er zijn slechts drie officiële uitgaven gekend waarvan de grote medaille, ontworpen door twee Gentse medailleurs Victor Lemaire en Hippolyte Le Roy, het pronkstuk is (N.57). Er kwam ook bovenstaande stadsmedaille, met de gekende beeltenis van de Gentse maagd door Victor Lemaire, die in grotere hoeveelheden werd geproduceerd. Ze werd besteld bij de firma Devos-Fernez die ze waarschijnlijk elders heeft laten produceren. Er komen veel uitvoeringen voor, verguld, verzilverd en brons, sommige exemplaren in een luxe-etui met opschrift, en ook mét en zonder draagoog.;;;;;;;;
Met diezelfde afbeelding werd tevens een kleine plaket geslagen die, met gravure van de naam van de begunstigde, als toegangsbewijs gold voor de prominenten.;;;;;;;;
"Bruikleen van de rederijkerskamer De Fonteine."",""Lemaire, Victor"",ontwerper,1899,1899,België";;;;;;;;
"03909,STAM (Gent),lepel,Lepeltje,"""","""","""","""","""",""""";;;;;;;;
"I.00228,STAM (Gent),insigne (embleem),insigne met haak in de vorm van een draaibank met slijper,"""","""","""","""","""",""""";;;;;;;;
"A2013.040,STAM (Gent),erepenning,""Erepenning van het stadsbestuur aan de Fonteine, 1814"",""De penning bestaat uit een effen rond plaatje, gevat in een volle ring, versierd met een parelcirkel en een concave boord en met bovenaan een lus met draagring. Het plaatje is als volgt ingegraveerd :";;;;;;;;
Het Gentse wapenschild dat omgeven is door een open krans van twee lauriertakken, onderaan gestrikt en rondom bovenaan, PRO PUBL. TRANQUILL. FORTITER ASSERTA;;;;;;;;
Op de andere zijde staat een gevierendeeld wapenschild met de uitbeelding van twee bloemen, een lier en een gevleugeld paard, met er rond een gesloten laurierkrans, onderaan gestrikt en het schild staat bovenop een staf met een lier en een andere met een paard, vier vlaggen en met bovenop de lauwerkrans, een krans van sterren en rondom bovenaan, GANDA MEMOR en onderaan horizontaal, MDCCCXIV;;;;;;;;
;;;;;;;;
De privileges in 1790 verleend door de Staten van Vlaanderen aan de vier Gentse hoofdgilden en de Rhetoricakamer De Fonteine stipuleerden als tegenprestatie het instaan van de publieke veiligheid te Gent in deze woelige periode.;;;;;;;;
In de gemeenteraadszitting van 25 juli 1814 werd beslist om de vier hoofdgilden (Sint-Joris, Sint-Sebastiaan, Sint-Antonius en Sint-Michiel), de rederijkerskamer De Fonteine en Sint-Cecilia te belonen voor hun bijdrage in het bewaren van de rust en orde in de stad. Op 1 augustus 1814 werd hen door de stad Gent een beloning toegekend, met name een zilveren medaille. Deze medaille werd door de eerste magistraat van het departement opgehangen aan de vlag van elke maatschappij. Door een openbare aanplakbrief werden de inwoners van Gent hiervan op de hoogte gebracht waarbij tevens gesteld werd dat de begunstigden deze medaille, bevestigd aan hun vlag, bij iedere uitgang mochten meedragen.;;;;;;;;
De Gentse graveur P.J.J. Tiberghien werd reeds voordien aangesproken en deze ontwierp, naast het Gentse wapenschild op de voorzijde, een verschillende keerzijde voor elke begunstigde met hun eigen wapenschild. De ontwerpen hiervoor bevinden zich in de Gentse Universiteitsbibliotheek. Door het overlijden van Tiberghien werden de penningen uitgevoerd door zijn leerling Liévin De Bast.;;;;;;;;
"Bruikleen van de rederijkerskamer De Fonteine."",""De Bast, Lieven"",uitvoerder,1814,1814,Gent";;;;;;;;
"09565,STAM (Gent),snuifdoos,Snuifdoos,""Zilveren snuifdoos. openklapbaar, versierd met putti zittend op een dolfijn en rankwerk. Merktekens aanwezig."",onbekend,edelsmid,1750,1750,Zuidelijke Nederlanden";;;;;;;;
"14235,STAM (Gent),kandelaar,kerkkandelaar,"""","""","""","""","""",""""";;;;;;;;
"07225,STAM (Gent),ketel,Konfijtketel,""Platte, cilindervormige roodkoperen ketel met ijzeren hengsel."",onbekend,"""",1800,1810,Zuidelijke Nederlanden";;;;;;;;
"A2013.041,STAM (Gent),erepenning,""Erepenning geschonken door J. Della Faille voor het bewaren van de veiligheid, 1814"",""De penning bestaat uit een effen rond plaatje gevat in een volle ring, versierd met een parelcirkel en een concave boord en met bovenaan een lus met draagring. Het plaatje is als volgt ingegraveerd :";;;;;;;;
Centraal een rechtopstaande degen, onderaan versierd met twee lauriertakjes en een strik en met boven de degen, QUOD en links en rechts van de degen, COMITI JOS. – DELLAFAILLE / ALTERI EX LEG – URB. DUCIBS / PIGNUS HOC – GRATITUDS / PRAETOR ET – MUN. GAND. / SOLENN. – OBTULERE en onderaan, I AUG. MDCCCXIV;;;;;;;;
En op de andere zijde SOCIIS / RHETORICES, / ALLISQ.URB.LEG.INSCRIPTIS / QUORUM OPE ET CURA / TRANQUILLITAS PUBL. / FUIT ADSERTA. / DECUS REFERENDUM / CENSUIT / GRAT. AN. MON. / DD.;;;;;;;;
;;;;;;;;
Als gevolg aan de toekenning door de stad van een erepenning aan de vier hoofdgilden, de Fonteine (zie A2013-41) en Sint-Cecilia mochten deze zes begunstidgen ook vanwege Jos Dellafaille, hoofd van de Burgerwacht, een tweede medaille in ontvangst nemen.;;;;;;;;
Net zoals de medaille vanwege de Stad werd ook deze gegraveerd door Lièvin De Bast naar een ontwerp van zijn meester P.J.J. Tiberghien.;;;;;;;;
"Bruikleen van de rederijkerskamer De Fonteine."",""De Bast, Lieven"",uitvoerder,1814,1814,Gent";;;;;;;;
"A65.02.058,STAM (Gent),aquarel,Gezicht op de Sint-Baafskathedraal te Gent.,""Deze aquarel stelt de middenbeuk en een deel van de zijbeuken voor van de Sint-Baafskathedraal gezien vanuit het Westen naar het koor toe. Het werk behoort tot de schenking Grandmoulin-Carbonelle en is een exacte kopie van een schilderij dat Pieter Frans De Noter voor Joan d'Huyvetter maakte. Er bestaat ook een gravure naar dit werk, gemaakt door C. Normand en gepubliceerd in Annales du Salon de Gand 1823, als illustratie bij de beschrijving van het origineel schilderij."","""","""",1800,1849,""""";;;;;;;;
"A2013.042,STAM (Gent),gedenkpenning,""Gedenkpenning Academie voor Schone Kunsten Antwerpen, 1817"",""De buste van koning Willem staat naar rechts met rondom, GUILLAUME PREMIER ROI DES PAYS-BAS. en op de afsnede van de hals verdiept, VAN DE GOOR F. en rondom een geprofileerde rand.";;;;;;;;
Op de andere zijde staat in het veld, bloemetje LA VILLE D’ ANVERS bloemetje / EN / MÉMOIRE DE L’INSTALLATION / DE / L’ ACADÉMIE ROYALE / DES BEAUX-ARTS / LE XVIII OCTOBRE MDCCCXVII. (de eerste en de laatste zin volgen de rand) en met rondom een geprofileerde rand.;;;;;;;;
;;;;;;;;
In april 1817 werd bij Koninklijk besluit aan de Antwerpse Academie de titel Koninklijke Academie voor Schone Kunsten verleend. Tevens werd een jaarlijkse subsidie van 4000 gulden toegekend en 1200 gulden gedurende vier jaar voor de winnaar van de tweejaarlijkse wedstrijd. Op 23 september 1817 werd een nieuw reglement opgesteld die de praktische organisatie van de  Academie regelde.;;;;;;;;
Deze reorganisatie gaf aanleiding tot de uitgifte van een gedenkpenning.;;;;;;;;
"Bruikleen van de rederijkerskamer De Fonteine."",""Van De Goor, P."",ontwerper,1817,1817,Koninkrijk der Nederlanden";;;;;;;;
I.00198,STAM (Gent),onderscheiding (eretitel),Erepalm,Lauwertak met penvormig uiteinde. Op de steel is een opschrift aangebracht waaruit blijkt dat het als eerbetoon werd uitgereikt door de Stad Gent aan Jules Octave Devigne die aan de Gentse universiteit in 1865- 1866 eerste was in filologie.,onbekend,edelsmid,1866,1866,Gent;;;;;;;;
"13549,STAM (Gent),kacheltegel,Haardtegel met floraal motief,"""","""","""","""","""",""""";;;;;;;;
"00762,STAM (Gent),olieverfschildering,Gezicht op de haven van Duinkerke,""Gezicht vanuit zee op de haven van Duinkerken, die herkenbaar is door de twee havenpieren. Vóór de eigenlijke stad liggen de stadsversterkingen, die Lodewijk XIV door Vauban heeft laten optrekken nadat hij in 1662 de stad van de Engelsen had teruggekocht. Deze versterkingen werden in 1713-1714 door de Engelsen gesloopt. De twee schepen op de voorgrond zijn twee Engelse vaartuigen. Een ervan vuurt een saluutschot af, dat van op het havenhoofd beantwoordt wordt. De witte vlaggen die overal wapperen, zijn wellicht als vredesvlaggen bedoeld. Beide schepen voeren een kluiverboom in plaats van een blinde steng, wat aantoont dat het schilderij zeker van na 1705 dateert, toen de kluiverboom in gebruik kwam. Misschien is de aankomst afgebeeld van de Engelse vloot, die op 18 juli 1712 bezit kwam nemen van de stad, die op 14 janurai 1712 door Lodewijk XIV aan de Engelsen was afgestaan. Aangezien de goede kennis van de topografie van de haven en het specifieke onderwerp mag verondersteld worden dat een lokaal schilder dit werk vervaardigde in de eerste helft van de 18de eeuw."",onbekend,"""",1705,1749,Zuidelijke Nederlanden";;;;;;;;
"05059,STAM (Gent),bijl (gereedschap),Hulsbijl met oog,""De hulsbijl met oog in koperlegering. Onder de hulsmond versierd door 2 rondlopende dunne ribben met daaronder, aan weerszijden plastisch voorgestelde vleugeltjes waartussen een langgerekt X-vormig motief en bolletje. Goed zichtbare gietnaden en recente beschadigingen op de snede.";;;;;;;;
;;;;;;;;
"Komt uit de Schelde te Dendermonde. Behoorde tot de verzameling Maertens de Noordhout, voordien verzameling Moens"","""","""",-1100,-0701,Europa";;;;;;;;
"N.02790,STAM (Gent),munt (ruilmiddel),Tourse groot van Willem van Gullik met stadspoort.,""Munt in biljoen geslagen. Bij gebrek aan zilver werd dus een alternatief gezocht.";;;;;;;;
"Voorzijde kort gevoet kruis binnen een parelcirkel. Twee omschriften. Op de keerzijde stadspoort met venster in de torens.Boord van twaalf cirkelbogen met lelie. Ze is afkomstig uit het munthuis Dendermonde."",onbekend,"""",1302,1302,Dendermonde";;;;;;;;
"A2013.043,STAM (Gent),prijspenning,""Prijspenning eerste prijs treurspel te Oudenaarde, 1819"",""De penning bestaat uit een effen rond plaatje, dat als volgt is ingegraveerd :";;;;;;;;
Centraal een lier, omgeven door een open krans van twee lauriertakken die onderaan gestrikt zijn en met rondom bovenaan, SCHOONE KONSTEN en rondom onderaan tussen telkens twee pijlen, AUDENAERDE;;;;;;;;
En op de andere zijde rondom bovenaan, TONEEL = STRYD en horizontaal, 1n PRYS / Treur = spel  / en rondom onderaan tussen twee hoornen des overvloed, 1819;;;;;;;;
De plaat is gevat in een volle ring, versierd met een cirkel van streepjes en met bovenaan een lus met draagring en met bovenaan op voorzijde van de ring een in gestempeld zilvermerk (lauriertakje) en op de lus een in gestempeld makersteken.;;;;;;;;
;;;;;;;;
De rhetoricamaatschappij van Oudenaarde organiseerde begin september 1819 een wedstrijd voor de verschillende toneeldisciplines. De Fonteinisten kaapten er twee prijzen weg. Naast de eerste prijs voor het treurspel Mahomet bekwamen ze ook in de categorie blijspel de eerste prijs met het stuk De jongheyd van Hendrik V.;;;;;;;;
"Bruikleen van de rederijkerskamer De Fonteine."","""","""",1819,1819,""""";;;;;;;;
"03922,STAM (Gent),beeldhouwwerk,Beeldje van een geit (speelgoed?),""speelgoedbokje, rechtopstaand op een basisvlak en oorspronkelijk bruin geverfd"","""","""",1800,1899,""""";;;;;;;;
"A2013.044,STAM (Gent),prijspenning,""Prijspenning eerste prijs blijspel te Oudenaarde, 1819"",""De penning bestaat uit een effen rond plaatje, als volgt ingegraveerd :";;;;;;;;
Centraal een lier, omgeven door een open krans van twee lauriertakken die onderaan gestrikt zijn en met rondom bovenaan, SCHOONE KONSTEN en rondom onderaan tussen telkens twee pijlen, AUDENAERDE;;;;;;;;
En op de andere zijde rondom bovenaan, TONEEL STRYD en horizontaal, 1en PRYS / Bly = Spel  / en rondom onderaan tussen twee takken, 1819;;;;;;;;
De plaat is gevat in een volle ring, versierd met een cirkel van streepjes en met bovenaan een lus en met bovenaan op voorzijde van de ring een in gestempeld zilvermerk (lauriertakje) ) en op de lus een in gestempeld makersteken.;;;;;;;;
;;;;;;;;
De rhetoricamaatschappij van Oudenaarde organiseerde begin september 1819 een wedstrijd voor de verschillende toneeldisciplines. De Fonteinisten kaapten er twee prijzen weg. Naast de eerste prijs voor het treurspel Mahomet  (A2013-43-) bekwamen ze ook in de categorie blijspel de eerste prijs met het stuk De jongheyd van Hendrik V.;;;;;;;;
"Bruikleen van de rederijkerskamer De Fonteine."","""","""",1819,1819,""""";;;;;;;;
"A65.02.027,STAM (Gent),portretpenning,Portretmedaillon van keizer Frans II van Oostenrijk,""Vergulde busteportret van keizer Frans II (1768-1835) in profiel naar links, geappliqueerd op grijs gevlamd marmer ('marbre bleu turquin').";;;;;;;;
"Er bestaan meerdere exemplaren van dit portret, o.m. in Waddesdon Manor (de Rothschild Collection) en in privébezit (veiling Christie's Londen 3/03/1994, lot 1). Een exemplaar met kleine verschillen stelt misschien zijn vader, keizer Leopold II (1747-1792) voor (veiling Christie's Parijs 3/11/2015, lot 6)."","""","""",1800,1830,""""";;;;;;;;
"13729,STAM (Gent),olieverfschildering,Jozef en Jezuskind,""Jozef met lelietak in de hand heeft het Jezuskind op de schoot dat hem een bloemenkrans op het hoofd zet. Boven de figuren zweeft een duif, symbool voor de H. geest. Jozef wordt hier voorgesteld als voedstervader van Christus."",Van Haerde,schilder,1843,1843,onbekend";;;;;;;;
"01517.2-2,STAM (Gent),deksel,Deksel,Rond deksel en plat onregelmatig gevormde dekselknop in grijsbruine klei met een korrelig oppervlak.,"""","""",0000,0399,""""";;;;;;;;
"A2013.045,STAM (Gent),gedenkpenning,""Gedenkpenning eerste steenlegging Aula Universiteit Gent, 1819"",""Het gekroonde Gentse wapenschild met rondom, AULAE. ACADEMICAE. CONSTRUCTIONE DECRETA. en onderaan rechts, BRAEMT F. en op de afsnede, AERE MUNICIPALL. / M.D.CCC.XIX.";;;;;;;;
Op de keerzijde staat binnen een gesloten, gestrikte krans, POSITO / PRINCIPE. LAPIDE / S.P.Q.GAND / FEST. ET. SOL. DIEM / S.;;;;;;;;
;;;;;;;;
Op 4 augustus 1819 werd de eerste steen van de Aula in de Volderstraat gelegd door Anton Reinhart Falck, minister van Onderwijs, Nijverheid en Koloniën.;;;;;;;;
In haar zitting van 25 mei 1819 besloot de gemeenteraad voor deze gelegenheid herdenkingsmedailles te laten slaan : 17 gouden voor de Koninklijke Familie en de autoriteiten, 90 zilveren voor diverse raden en 100 bronzen.;;;;;;;;
Het Gentse wapenschild werd afgebeeld op de voorzijde vergezeld van een gelegenheidstekst op de keerzijde.;;;;;;;;
"Bruikleen van de rederijkerskamer De Fonteine."",""Braemt, Joseph Pieter"",ontwerper,1819,1819,Gent";;;;;;;;
"A2013.046,STAM (Gent),prijspenning,""Prijspenning van Rhetorica Deinze eerste prijs deftige uitgalming aan Camille Hauwe , 1833"",""De penning bestaat uit een effen rond plaatje, als volgt ingegraveerd :";;;;;;;;
Een lier met erin een lauriertak en eronder, 1833 en met rondom bovenaan, MAETSCHAPPY VAN RHETORICA IN DEYNZE;;;;;;;;
En op de andere zijde, 1STE PRYS / 2DE KLASSE / DEFTIGE / Uytgalming / BEHAELD DOOR / Camille hauwe;;;;;;;;
De plaat is gevat in een volle ring, versierd met een cirkel van streepjes en met bovenaan een lus met draagring en met bovenaan op voorzijde van de ring een in gestempeld zilvermerk (zwaard periode 1831-1868), op de lus ingeslagen het makersteken van De Keukelaere (een eikel boven de letter D).;;;;;;;;
De zilversmid, de Keukelaere, die deze penning vervaardigde was actief tot 1831. Deze penningen werden in de handel aangeboden om later te graveren. Het is dan ook mogelijk dat een aantal penningen later gegraveerd werden. Het zilvermerk van de ijking (zwaard) werd gebruikt tussen 1831 en 1868 wat dus overeenstemt met de gravure van deze penning in 1833.;;;;;;;;
"Bruikleen van de rederijkerskamer De Fonteine."",""De Keukelaere, C."",zilversmid,1833,1833,Gent";;;;;;;;
"03481,STAM (Gent),hangslot,Schroefhangslot,""Schroefhangslot  met schroevende sleutel, """"XII"""" ingegraveerd, slotbeugel gebroken aan sluitende deel"",onbekend,"""",1300,1499,Zuidelijke Nederlanden";;;;;;;;
"13087,STAM (Gent),gebrandschilderd glas,Heilige Laurentius,""De heilige Laurentius is voorgesteld in habijt en met zijn attributen, een boek en rooster in de handen."",onbekend,glazenier,1525,1575,Zuidelijke Nederlanden";;;;;;;;
"A2013.048,STAM (Gent),prijspenning,""Prijspenning gewonnen door de Fonteine te Geraardsbergen, 1845"",""De penning bestaat uit een een effen rond plaatje, als volgt ingegraveerd :";;;;;;;;
Centraal is schuin een toneelmasker geplaatst waarvan de hoed versierd is met lauriertakken en met rondom bovenaan, TOONEELKUNDIGE FESTIVAL en onderaan, GEERARDSBERGE 1844-1845 en met onderaan links een zilvermerkteken (zwaard).;;;;;;;;
Op de andere zijde staat de tekst, AEN DE / KONKE MAETSCHAPPY / VAN RETHORICA / DE FONTEINISTEN, / TE GENT.;;;;;;;;
De plaat is gevat in een volle ring, versierd met symmetrische figuren en een concave boord en met bovenaan een bol met draagring.;;;;;;;;
;;;;;;;;
De toneelvereniging van Geraardsbergen Voor Eer en Kunst richtte in het winterseizoen 1844-1845 wedstrijden in voor toneel die liepen over het ganse seizoen. Bij koninklijk besluit van 21 december 1844 bekwamen ze een subsidie van 300 frank om de kosten te dekken.;;;;;;;;
De Fonteinisten veroverden er dit prachtige stuk.;;;;;;;;
"Bruikleen van de rederijkerskamer De Fonteine."","""","""",1845,1845,""""";;;;;;;;
"A2013.047,STAM (Gent),prijspenning,""Prijspenning voor de eerste prijs gewonnen door de Fonteine  bij de maatschappij Kunstliefde te Brugge, 1842"",""De penning bestaat uit een effen rond plaatje, als volgt ingegraveerd :";;;;;;;;
Centraal een schuin geplaatst wapenschild van Brugge bovenop een lauriertak, een lier, een vlag en fakkel en allerlei toneelmateriaal en met rondom bovenaan, MAETSCHAPPY VAN TOONEEL- EN LETTERKUNDE ONDER KENSPREUK en horizontaal onder de afbeelding, KUNSTLIEFDE, / TE BRUGGE.;;;;;;;;
Op de ander zijde staat rondom bovenaan, TOONEELKUNDIGEN PRYSKAMP. en horizontaal, 1E  PRYS / VOOR DE / TREUR- OF TOONEELSPELEN / AEN DE MAETSCHAPPY / VAN RHETORICA / DE FONTEINISTEN TE GENT (gebogen) / 1842. onderaan zijn krassen.;;;;;;;;
De plaat is gevat in een volle ring, versierd met een parelcirkel en een boord met symmetrische figuren en met bovenaan een lus en een ring. Op de lus is een makersteken ingeslagen (een horizontaal voorwerp (sleutel ?) met eronder een A);;;;;;;;
;;;;;;;;
In de zomer van 1842 organiseerde de Brugse toneelvereniging Kunstliefde een toneelwedstrijd. Voor het eerst sinds 1837 besloot de Fonteine aan een dergelijke wedstrijd deel te nemen. Tijdens de vergadering van het toneelcomité van 3 april 1842 werd besloten te Brugge deel te nemen met de stukken De Lasteraar en Het Gelderse landmeisje.;;;;;;;;
Negen verenigingen hadden zich ingeschreven, waaronder drie Gentse : Jong en Leerzuchtig, Broedermin en Taalijver en de Fonteine.;;;;;;;;
Tijdens de vergadering van 20 september 1842 kon Willems meedelen dat de Fonteine de eerste prijs behaald had voor het toneelwerk De Lasteraar. De prijs bestond uit een gouden medaille en 250 frank. Voor Blij- en zangspel ging de eerste prijs naar Broedermin en Taalijver. Mevrouw Van Peene, echtgenote van de toneelschrijver Hippoliet Van Peene, kreeg de prijs als beste toneelspeelster.;;;;;;;;
Op 26 september werden de beide verenigingen aan het station te Gent plechtig onthaald door de maatschappijen en gilden van de stad.;;;;;;;;
"Bruikleen van de rederijkerskamer De Fonteine."","""","""",1842,1842,""""";;;;;;;;
"00692,STAM (Gent),olieverfschildering,De evangelist Marcus,""Dit is één van een reeks van vier schilderijtjes die de vier evangelisten voorstelden. Samen met de twee nog bestaande stukken (dit en inv. nr. 692) werden in 1869 ook nog de dennenhouten lijsten van de andere twee stukken naar het Musem gebracht. Het is moeilijk uit te maken of de kop die links van de heilige te zien is die van een leeuw of een os is, wat de identificatie van de evangelist, Marcus of Lucas, bemoeilijk. Zij dateren uit de 18de eeuw."","""","""",1700,1799,""""";;;;;;;;
"A2013.049,STAM (Gent),erepenning,""Erepenning van de rhetoricakamer De Hoop uit Antwerpen aan de Fonteine, 1847"",""De penning bestaat uit een effen rond plaatje gevat in een volle ring, versierd een parelcirkel en een concave versierde boord en met bovenaan een bol, met langs beide zijden een gebogen deel, en met een draagring. Het plaatje is als volgt ingegraveerd :";;;;;;;;
Centraal staat een vrouw met lang gewaad en een vogel in haar rechterhand met links van haar een deel van een zuil en rechts een anker ; ze is omgeven door een open krans van lauriertakken die onderaan gestrikt is en met rond deze krans bovenaan, Maetschappy van Rhetorica de Hoop te Antwerpen, en onderaan telkens in twee lijnen, links, de toneel bestuerder / J. BUTIN ; en rechts, de voorzitter / D. VERHAEGEN ; bovenaan langs de rand, VLAEMSCH TOONEEL en onderaan een ingeslagen zilverteken (zwaardje).;;;;;
Op de andere zijde staat centraal de fontein op stenen bassin staande op een sokkel met erboven een grote koningskroon met op de sokkel, links, GENT in het midden, FONTEINISTEN  en rechts, 1448 en rondom de fontein bovenaan, DE FONTEINISTEN en onderaan, Antwerpen den 12 december 1847. ; daarbuiten rondom, Nut Kunstverbroedering opgedragen aen de Gentsche Koninglyke maetschappy van Rhetorica;;;;;;;
;;;;;;;;
Te Antwerpen ontstonden in de 19de eeuw drie toneelverenigingen.;;;;;;;;
Liefde en Eendragt werd gesticht tijdens de Franse overheersing en begon vanaf 1813 opvoeringen te geven. Het was een maatschappij van deftige burgers waar het gewone volk geweerd werd. In dezelfde periode ontstond Rhetorica onder de kenspreuk Jong en Leerzuchtig opgericht door eenvoudige burgers en ambachtslui.;;;;;;;;
De jongste van de drie was De Hoop, gesticht in 1824 door plaatselijke neringdoeners. Ze probeerde de twee anderen de loef af te steken. Vanaf de Belgische onafhankelijkheid vielen de opvoeringen een drietal jaren stil maar vanaf 1833 werd de activiteit hernomen. De Hoop bloeide en werd vanaf 1828 de voornaamste en de rijkste van de drie. Enkel de Hoop had vrouwelijke toneelspeelsters. In de andere verenigingen moesten mannen in vrouwenkleding optreden.;;;;;;;;
Jean Butin, op de medaille vermeld als toneelbestuurder, was voordien acteur en vertolkte voornamelijk rollen van personages met een slecht karakter, wat schijnbaar overeenkwam met zijn eigen karakter dat allesbehalve vriendelijk was. Het leverde hem de bijnaam Jan Patat, de baardkrabber op.;;;;;;;;
Op 12 december 1847 waren de Fonteinsten te gast in Antwerpen waar ze voor de eerste maal het stuk Leon opvoerden. De plaatselijke zaal Zael des Variétés was overvol en men had zelfs toeschouwers moeten weigeren. Men eindigde met een blijspel maar tussen de twee stukken in werden de bezoekers bedacht met deze mooie medaille die speciaal voor de Fonteine was ontworpen en met hun embleem versierd.;;;;;;;;
"Bruikleen van de rederijkerskamer De Fonteine."","""","""",1847,1847,""""";;;;;;;;
"07407,STAM (Gent),fles,likeurfles met stop,likeurfles met lange hals en versierd met geslepen facetten. Stop 6-kantig geslepen,"""","""",1800,1899,""""";;;;;;;;
"N.01990,STAM (Gent),penning (betaalmiddel),""Jurykenteken voor de 15de Gentse floraliën, 1903"",""Vz.Links staat een vrouw met lang gewaad naar rechts gekeerd met in haar vooruitgestoken rechterhand een palmtak en met rechts van haar, XVE / FLORALIE / I8 AVRIL / I903 / GAND en met onderaan een lege afsnede en rondom een verhoogde rand.Kz.Het gekroonde Gentse wapenschild staat links schuin bovenop een lauriertak en met rechts ervan, JURÉ en onderaan boven de afsnede links, FISCH & CIE en rondom een verhoogde rand"",Etablissements Fisch & Cie.,ontwerper,1903,1903,Gent";;;;;;;;
"A2013.050,STAM (Gent),erepenning,""Erepenning aan Jan-Frans Willems, 1847"",""voorstelling van de buste naar links van J.F. Willems met op de afsnede van de hals, 1847 en rondom langs de geprofileerde rand, J.F. WILLEMS GEB: TE BOUCHOUT 11 MAERT 1793. OVERL: TE GENT 24 JUNY 1846";;;;;;;;
Op de andere zijde zit een vrouw met lang gewaad zit  links met in haar handen een tablet met de tekst, aen / de / Bel= / gen ; voor haar links staat een globe met ervoor drie boeken met de titels, REINAERT DE VOS / SLAG V. WOERINGEN / BELGISCH MUSEUM ; rechts tegen haar kleed staat een lier met een banderol met de tekst, VLAEMSCHE LIEDEREN ; rondom bovenaan langs de geprofileerde rand, MYN VADERLAND IS MY NIET TE KLEIN en met rondom onderaan op de afsnede, J. ET L. WIENER FEC.;;;;;
;;;;;;;;
"Jan Frans Willems werd geboren te Boechoute op 11 maart 1793 en overleed te Gent op 24 juni 1846. Hij was ambtenaar doch in zijn vrije tijd hield hij zich met de Nederlandse letterkunde bezig. Hij schreef het gekende """"Reynaert de Vos"""".";;;;;;;;
Daags na zijn overlijden werd het Willems-genootschap opgericht. Er werd tevens beslist een medaille uit te geven ter nagedachtenis van deze voorvechter van de Nederlandse taal. Ze werd uitgevoerd door de gebroeders Jacques en Leopold Wiener. De penning werd geslagen in verguld zilver, in zilver en in gepatineerd koper. Tevens is ook een zilveren exemplaar gekend dat volledig in burijngravure is uitgevoerd.;;;;;;;;
"Bruikleen van de rederijkerskamer De Fonteine."",""Wiener, Jacques"",ontwerper,1847,1847,België";;;;;;;;
"02071,STAM (Gent),kastmeubilair,""kast van de St. Sebastiaansgilde Brugge,"",Eikenhouten kast met vijf gesculpteerde vakken geflankeerd door getorste zuiltjes. De panelen bevatten van naar benden: een cartouche,onbekend,"""",1697,1698,Vlaanderen";;;;;;;;
"A2013.051,STAM (Gent),prijspenning,""Prijspenning 2de prijs Blijspel aan de Fonteine bij het 25-jarig jubelfeest van De Hoop uit Antwerpen, 1849"",""De penning bestaat uit een effen rond plaatje gevat in een versierde ring met bovenaan een bol met draagring en bovenaan op de buitenzijde van de ring is een makersteken ingeslagen (D ?). Het plaatje is als volgt ingegraveerd :";;;;;;;;
Centraal staat een opgezet gedeelte met de beeltenis van een vrouw met lang gewaad die een vogel in haar rechterhand houdt terwijl haar linkerarm rust op een anker ; onder de vrouw, Antwerpen en rondom boven de vrouw, endeszelfs Voorzitter D. Verhaegen ; rondom in een tweede rij langs de rand bovenaan, 25 JARIG JUBELFEEST DER RHETORYKE MAETSY DE HOOP en onderaan, 1824 (naast de 4 was per vergissing nog een cijfer geplaatst dat door de graveur met horizontale en verticale krassen is onleesbaar gemaakt) en onderaan een ingeslagen zilverteken (zwaard).;;;;;;
Op de andere zijde  staat centraal opgezet het gekroonde wapenschild van Antwerpen met rondom erboven in drie rijen, TOONEELKUNDIGE PRYSKAMP / voor de blyspelen / 2de PRYS  en onderaan in twee rijen, aen de koninglyke  Maetspy / DE FONTEINISTEN TE GENT 1849;;;;;;;;
;;;;;;;;
Eind september 1849 bracht de koning met zijn echtgenote een bezoek aan de stad Antwerpen. Na hun aankomst per spoor brachten zij een bezoek aan de dierentuin naast het station.;;;;;;;;
Een gala in de grote schouwburg stond ook op het programma. Ook het groot toneelfestival werd met de tegenwoordigheid van de vorsten opgeluisterd. Het was georganiseerd door de twee grote Antwerpse toneelmaatschappijen in de Theâtre des Variétés. De maatschappij voor Rhetorica Jong en Leerzuchtig had reeds tijdens de Antwerpse kermis eind augustus een grote wedstrijd ingericht maar verleende ook haar medewerking aan de opvoeringen ter gelegenheid van het bezoek van het koningspaar. Het was tevens de gelegenheid voor De Hoop om hun 25-jarig bestaan luisterrijk te vieren.;;;;;;;;
De Fonteinisten die in 1847 een verbroedering hadden afgesloten met De Hoop (zie A2013-49) waren ook van de partij en behaalden een tweede prijs voor blijspel.;;;;;;;;
Op dezelfde wedstrijden behaalden de Fonteinisten ook de tweede prijs voor drama. In tegenstelling met de 2de prijs blijspel komt deze penning niet meer voor in het patrimonium van de vereniging.;;;;;;;;
"Bruikleen van de rederijkerskamer De Fonteine."","""","""",1849,1849,""""";;;;;;;;
"10242,STAM (Gent),doopkleed,doopkleed,""Doopkleed heeft een kort lijfje met ovale hals, een sluiting op de rug en stroplintjes in de hals en in de taille. Lange mouwen met stroplintjes en kantrandjes. Over het lijfje en de aangefronste rok is een groot inzetstuk aangebracht omlijnd door gefronste kantstroken."","""","""",1860,1860,""""";;;;;;;;
"A2013.052,STAM (Gent),gedenkpenning,""Penning voor de inhuldiging van de nieuwe vlag van de Fonteine, 1850"",""In het midden een fontein op stenen bassin staande op een sokkel met erboven een grote koningskroon "; op de sokkel, links, GENT in het midden, FONTEINISTEN  en rechts, 1448 dat alles in een drielobbige gotische omlijsting ; onder de fontein, als’t past bi apetite ; rondom in de uitsparingen van de omlijsting op een versierde ondergrond, links, koninglyke ; rechts, maetschappy ; onderaan, van rhetorica en rondom een verhoogde boord.;;;
Op de keerzijde staan bovenaan twee gekruiste vlaggen met erboven een lauwerkrans en eronder twee lauriertakken die samen gestrikt zijn ; eronder, DE VOORZITTER / C. DE KERCHOVE DE DENTERGHEM, / BURGEMEESTER VAN GENT, / SCHENKT / AEN DE MAETSCHAPPY / EEN EEREVAENDEL / DOOR ZYNE KINDEREN / VERVAERDIGD. / 1850 ; onderaan langs de rand, LEMAIRE, TE GENT. met rondom een parelcirkel en een geprofileerde rand.;;;;;;
;;;;;;;;
Tijdens het banket van de jubileumviering in 1848, in de Minard-schouwburg, beloofde hun erevoorzitter, burgemeester van Gent, Charles de Kerchove de Denterghem een nieuwe vlag te schenken. Deze werd vervaardigd door familieleden van de burgervader.;;;;;;;;
Op 1 juli 1850 om 10 h. werd ter gelegenheid van de gemeentefeesten in de stad Gent de vlag plechtig overhandigd. Vele gilden en verenigingen van de stad, waarvan de burgemeester allemaal erevoorzitter was, waren verenigd vóór de Minard-schouwburg vanwaar ze in stoet vertrokken naar het huis van de burgemeester in de Lange Meersstraat. Het bestuur nam er de vlag in ontvangst. De heren Ondereet en Van Duyse bedankten de vrouwen die de vlag vervaardigd hadden. Het koor van het Willems-genootschap en de Société Van Ryswijck gaven liederen ten beste. Na de ontvangst begaf de stoet zich naar het stadhuis waar de vlag officieel werd erkend door de Gentse Magistraten. Een exemplaar van de herdenkingsmedaille in verguld zilver werd aan de burgemeester overhandigd, ter herinnering aan zijn schenking aan de Fonteine. Men begaf zich terug naar de Minard-schouwburg waar de vlag tentoongesteld werd in het foyer tussen versieringen en bloemen. Dezelfde avond nog werden voorstellingen gegeven door diverse verenigingen. De Vlaamse letterkundige Prudens Van Duyse had een gelegenheidsstuk geschreven De vane der Fonteinisten.;;;;;;;;
De vlag is nog steeds in het bezit van de vereniging.;;;;;;;;
Victor Lemaire graveerde een aangepaste keerzijde voor de penning van de maatschappij ontworpen door Jacques Wiener voor het 400ste jubileum. Ze werd uitgegeven in zilver en brons.;;;;;;;;
"Bruikleen van de rederijkerskamer De Fonteine."",""Wiener, Jacques"",ontwerper,1850,1850,België";;;;;;;;
"02811,STAM (Gent),venstersluiting,Knip,Vensterslot,"""","""",1400,1699,""""";;;;;;;;
"08645.1-2,STAM (Gent),degen,Degen,""Degen met beugelgevest. Gevest is versierd, geen merken of inscripties aanwezig. Schede aanwezig"","""","""",1600,1699,""""";;;;;;;;
"A2013.054,STAM (Gent),gedenkpenning,""Penning voor het festival te Zottegem, 1850"",""De penning bestaat uit een effen rond plaatje gevat in een brede holle ring, versierd met een parelcirkel twee cirkels met siermotieven en een concave versierde boord, en met bovenaan een bol met een draagring en met buitenom op de holle ring bovenaan een zilvermerk ingeslagen (een zwaard) en onderaan hetzelfde makersteken als op de voorzijde (een B of R onder een horizontaal voorwerp).,Het plaatje is als volgt ingegraveerd :";;;;;;;;
Onder een stralende ster, Maetschappy / van / Rhetorika / te / Sottegem;;;;;;;;
Op de andere zijde staat onder een sierkrul, FESTIVAL en daaronder omgeven door krullen, I850 en onderaan langs de rand een ingeslagen makersteken (een B of R onder een horizontaal voorwerp).;;;;;;;;
;;;;;;;;
Ter gelegenheid van de jaarlijkse kermis van 1850 te Zottegem had de plaatselijke rhetorica maatschappij een groot toneelfestival georganiseerd. De festiviteiten gingen van start op zondag 18 augustus met een harmonie- en zangfestival waaraan 14 genootschappen deelnamen waaronder twee Gentse, De Vereenigde Werklieden en De witte Kaproenen.  De maandag zou de toneelmaatschappij uit Deinze een optreden geven. De volgende zondag 25 augustus kwamen de Fonteinsten aan de beurt die er voor eerste maal het drama De Familie Dyckmans, geschreven door Karel Ondereet, zouden vertonen. Hun optreden genoot veel bijval en ze mochten van de inrichters een zilveren medaille in ontvangst nemen.;;;;;;;;
"Bruikleen van de rederijkerskamer De Fonteine."","""","""",1850,1850,""""";;;;;;;;
"A2013.053,STAM (Gent),prijspenning,""Prijspenning voor de eerste prijs blijspel bij de maatschappij Kunstliefde uit Brugge, 1850"",""Een lier is omgeven door stralen en staat op een wolk en met allerlei schouwburgattributen en links en rechts is een vlagstandaard geplaatst met op de linkse het Brugse wapenschild gehouden door een leeuw en met eronder op een banderol, S.P.Q.B. en de rechtse heeft een diagonale arcering met in het midden een verticale met daarop, KUNST / LIEFDE "; links is een eikentak en rechts een lauriertak en met rondom een geprofileerde rand.;;;;;;;
Op de andere zijde is binnen een krans van een eikentak (links) en een lauriertak (rechts) die onderaan samen gebonden zijn,  ingegraveerd, TOONEELKUNDIGEN / PRYSKAMP / VAN BLYSPELEN / 6DEN  8BER 1850 / sierlijn / EERSTE PRYS en met rondom een geprofileerde rand.;;;;;;;;
;;;;;;;;
In september 1850 zouden te Brugge grote feesten doorgaan. De aanleiding was een grote landbouwtentoonstelling maar het Brugse stadsbestuur wou deze uitbreiden om ze even luisterrijk te maken als de Simon Stevinfeesten vier jaar voordien. Al de Brugse verenigingen zouden hieraan meewerken en de praalwagens van de stoet bij de vorige feesten werden vanonder het stof gehaald om een nieuwe stoet te realiseren. Ook de koning werd uitgenodigd om deze te komen bewonderen maar hij nam echter niet deel aan het afsluitende banket. De gezondheidstoestand van de koningin was precair en ze zou enkele weken nadien overlijden.;;;;;;;;
De koormaatschappij organiseerde een zangwedstrijd waar ook Gentse koren aan deelnamen. Wat toneel betreft waren twee organisaties in de running. Zowel Yver en Broedermin als Kunstliefde zouden hun steentje bijdragen. De eerste hield wedstrijden voor het schrijven van poëzie met als thema “De Landbouw” waarvoor 14 stukken binnengekomen waren. Voor proza was het thema “Verhandeling over de toestand der kunsten en wetenschappen onder Philips van Bourgondië”  en dat leverde 6 inzendingen op. De derde opgave ging over alleenspraak en daarvoor waren 27 gegadigden om de prijzen weg te kapen.;;;;;;;;
Kunstliefde organiseerde een wedstrijd voor blijspelen maar door het grote succes van Yver en Broedermin hadden zich slechts twee deelnemende groepen ingeschreven, waaronder de Fonteinisten. Ze voerden het stuk Gallomanie op geschreven door Ondereet. Niettegenstaande de weinige opkomst behaalden de Fonteinisten vier medailles. Naast de eerste prijs voor de vereniging zelf kregen K. Ondereet en N. Destanberg een eremetaal als beste toneelspelers en Lucie Laquet als beste toneelspeelster.;;;;;;;;
"Bruikleen van de rederijkerskamer De Fonteine."","""","""",1850,1850,""""";;;;;;;;
"00629,STAM (Gent),calque,Calques van de middeleeuwse muurschilderingen in de Wolverskapel Korte Dagsteeg te Gent.,""Calque met de voorstelling van   gemaakt naar de originele muurschildering in de Wolweverskapel in de Korte dagsteeg te Gent.";;;;;;;;
",Bressers-Blanchaert (atelier),uitvoerder,1894,1894,Gent
A2013.055,STAM (Gent),erepenning,Erkentenispenning van de maatschappij Kunstliefde uit Brugge, 1850"",""Een lier is omgeven door stralen en staat op een wolk en met allerlei schouwburgattributen en links en rechts is een vlagstandaard geplaatst met op de linkse het Brugse wapenschild gehouden door een leeuw en met eronder op een banderol, S.P.Q.B. en de rechtse heeft een diagonale arcering met in het midden een verticale met daarop, KUNST / LIEFDE "; links is een eikentak en rechts een lauriertak en met rondom een geprofileerde rand.;;;;;;;
Op de andere zijde is binnen een krans van een eikentak (links) en een lauriertak (rechts) die onderaan samen gebonden zijn,  ingegraveerd, TOONEELKUNDIGEN / PRYSKAMP / VAN BLYSPELEN / 6DEN  8BER 1850 / sierlijn / ERKENTENIS AEN DE MAETSPY / FONTEYNISTEN / TE GENT en rondom is een geprofileerde rand.;;;;;;;;
;;;;;;;;
Bij de wedstrijden voor blijspelen (zie  A2013-53) ontving de Fonteine ook een deze erkentenispenning.;;;;;;;;
"Bruikleen van de rederijkerskamer De Fonteine."","""","""",1850,1850,""""";;;;;;;;
"09659,STAM (Gent),venstersluiting,Knip,stuk afgebroken,"""","""","""","""",""""";;;;;;;;
"N.00526,STAM (Gent),erepenning,""Erepenning aan Johannes du Fief, 1906"",""Op de voorzijde staat het hoofd van een gehelmde vrouw naar rechts met rechts ervan, NA?E KAI / MEMNAS4 / A??STEIN "; links onderaan, LEMAIRE en rondom tussen een parelcirkel en de geprofileerde rand, bovenaan, SOCIÉTÉ POUR LE PROGRÈS DES ÉTUDES PHILOLOGIQUES ET HISTORIQUES en onderaan, ? BELGIQUE ?;;;;;;;
De keerzijde heeft de tekst, JOHANNI DU FIEF / PER XIII ANNOS / ( 1893 – 1906 ) / ARCARIO DILIGENTISSIMO / SODALES / D. D. L. M. en rondom een geprofileerde rand.;;;;;;;;
;;;;;;;;
Jean Du Fief, geograaf en historicus, werd geboren te Chercq bij Doornik in 1829 en overleed te Sint-Joost-ten-Node in 1908. Hij was achtereenvolgens leraar in het Atheneum van Hasselt (1854) Antwerpen (1855) en Brussel (1865-1884). Du Fief publiceerde een aantal werken over geografie maar ook geschiedenis behoorde tot zijn interesse. Zo publiceerde hij, samen met Eugène Hubert, professor aan de Luikse universiteit, het werk “Abrégé d’ histoire Universelle”. In 1876 was hij medestichter van de “Société belge de géographie” en bleef tot aan zijn dood secretaris-generaal van deze vereniging.;;;;;;;;
"Vanaf 1893 was hij tevens werkzaam in de “Société pour le progès des Etudes philologiques et historiques” die hem in 1906 voor zijn inzet bedacht met deze erepenning."",Lemaire,ontwerper,1906,1906,België";;;;;;;;
"A2013.056,STAM (Gent),gedenkpenning,Festival Sint-Niklaas 1852-1853,""De penning bestaat uit een effen rond plaatje gevat in een brede holle ring, versierd met een parelcirkel en een concave versierde boord en met bovenaan een kroon, bevestigd met twee sierkrullen, en een draagring.";;;;;;;;
Het plaatje is, als volgt ingegraveerd :;;;;;;;;
Centraal is een versiering opgezet bestaande uit een lier onder een stralende ster met links en rechts ervan een toneelmasker met daartussen een rol met de tekst, GOUDBLOEM / ST NICOLAES en dat alles bovenop een lauwerkrans en met gravure rondom, bovenaan, TOONEELKUNDIG FESTIVAL. ST. NICOLAES. en onderaan, 1852 – 53 en rechts langs de rand een ingeslagen zilverteken (zwaardje).;;;;;;;;
Op de andere zijde de tekst, Het gemeentebestuer / aen de maetschappy / Van Rhetorika / de Fonteinisten / VAN GENT. (rondom onderaan).;;;;;;;;
;;;;;;;;
Reeds in augustus 1529 namen de 'Rethorisienen van Temssche ende Sente Niclaus' deel aan de kermisommegang in Dendermonde.;;;;;;;;
Op 10 februari 1537 werd het 'gheselscap vande Gaudtblomme' gedoopt door de Fonteine en in 1610 werd de kamer door De Fonteine als hoofdkamer van het Land van Waas erkend, waardoor ze het recht kreeg nieuwe kamers in haar gebied te dopen. In 1611 doopte ze de kamers van Elversele en Nieuwkerken.;;;;;;;;
De rederijkerskamer De Goudbloem uit Sint-Niklaas had als zinspreuk “Simpel van Sinne” en als patroonheilige “Zoete Naam Jezus”.;;;;;;;;
In het seizoen 1852-1853 richtten ze een festival in waar de Fonteinisten deze penning veroverden.;;;;;;;;
"Bruikleen van de rederijkerskamer De Fonteine."","""","""",1853,1853,""""";;;;;;;;
"14287,STAM (Gent),bierglas,Bierglas met voorstelling van kokende vrouw,"""","""","""","""","""",""""";;;;;;;;
"A2013.057,STAM (Gent),gedenkpenning,""Penning voor het toneelfestival ingericht door de maatschappij Arm in de Borze van zinnen Jong uit Veurne, 1854"",""Op een opkrullend veld staat het gekroonde wapenschild van Veurne met ernaast langs elke kant een lauriertak en met rondom bovenaan langs de geprofileerde rand, VILLE DE FURNES en onderaan links langs de rand, J. WIENER";;;;;;;;
Op de andere zijde is binnen een krans van een ineengestrengelde eiken- en lauriertakken ingegraveerd, KON : MAET : / VAN / RHETORIKA / ARM IN DE BORZE / EN VAN ZINNEN JONG / FESTIVAL / 1853 1854 (de eerste en de laatste zin volgen de krans) en met rondom een  geprofileerde rand.;;;;;;;;
;;;;;;;;
In het seizoen 1853-1854 namen de Fonteinisten deel aan het festival te Veurne georganiseerd door de plaatselijke toneelvereniging.;;;;;;;;
Begin 1854 gaven ze tevens in de Minardschouwburg een vertoning ten voordele van de arbeiders zonder werk. Ze voerden er de Gevolgen der Voordeelen op, een drama in twee bedrijven gevolgd door het blijspel Alexius onder-den trap .;;;;;;;;
"Bruikleen van de rederijkerskamer De Fonteine."",""Wiener, Jacques"",ontwerper,1854,1854,België";;;;;;;;
"A59.05,STAM (Gent),olieverfschildering,Portret van Gaspar Charrier,""Het uitvoerig onderschrift, dat deels onleesbaar is geworden en waarin gegevens over de politieke loopbaan van de geportretteerde worden verstrekt, bevestigt de identiteit van de geportretteerde. De identiteit wordt ook bevestigd door een prent van Antoine Masson (1636-1700) met als titel 'Gaspard Charrier Eqves Regi a Cons'. In Praefect. LVGD. Propraetor'. Daaruit blijkt ook dat Thomas Blanchet de schilder was: 'Th. Blanchet Lugd. pinxit' (Chou Ling, Thomas Blanchet, Lyon 1941, p. 90, nr. 44). Het gaat duidelijk terug op het hier besproken schilderij maar het toont de buste in een ovaal. Het portret is na 1665 in Lyon geschilderd, voor Blanchet zich in 1682 in Parijs vestigde. Tot op het einde van de 19de eeuw bleef het eigendom van de familie Charrier (werd medegedeeld door Milli Monique Ray in een brief van 11 mei 1965, Musée historique, Lyon).";;;;;;;;
",Blanchet, Thomas"",schilder,1665,1682,Frankrijk";;;;;;;;
"A2013.058,STAM (Gent),gedenkpenning,""Penning voor het toneelfestival ingericht door de maatschappij Arm in de Borze van zinnen Jong uit Veurne, 1854"",""Op een opkrullend veld staat het gekroonde wapenschild van Veurne met ernaast langs elke kant een lauriertak en met rondom bovenaan langs de geprofileerde rand, VILLE DE FURNES en onderaan links langs de rand, J. WIENER";;;;;;;;
Op de andere zijde is binnen een krans van een ineengestrengelde eiken- en lauriertakken ingegraveerd, KON : MAET : VAN / RHETORIKA / ARM IN DE BORZE / EN VAN ZINNEN JONG / FESTIVAL / 1853-1854 (de eerste en de laatste zin volgen de krans) en met rondom een geprofileerde rand.;;;;;;;;
;;;;;;;;
In het seizoen 1853-1854 namen de Fonteinisten deel aan het festival te Veurne georganiseerd door de plaatselijke toneelvereniging.;;;;;;;;
De Fonteinisten bekwamen op dit festival twee penningen waarvan één (A2013-57) gevat is in een extra ring en ook de gravure op de keerzijde is lichtjes verschilldend.;;;;;;;;
"Bruikleen van de rederijkerskamer De Fonteine."",""Wiener, Jacques"",ontwerper,1854,1854,België";;;;;;;;
"07120,STAM (Gent),helm,""helm met puntige bekroning en insigne : gekroonde arend met opgeslagen vleugels, opschrift mit Gott für Koenig und Vaterland / FR / 2 attributen in zijn poten, Pruisen, Geschut, 1916"","""",onbekend,"""",1916,1916,Duitsland";;;;;;;;
"A2013.059,STAM (Gent),prijspenning,""Prijspenning voor de eerste prijs voor Drama bij Yver en Broedermin uit Brugge, 1855"",""De penning bestaat uit een effen rond plaatje evat in een ring, versierd met een parelcirkel en een concave versierde boord en met bovenaan twee sierkrullen met ertussen een bol en een draagring., het plaatje is als volgt ingegraveerd :";;;;;;;;
Centraal is een versiering opgezet bestaande uit een bijenkorf, staande op een verhoog, waarop een stok staat met bovenaan een brandende toorts, de stok wordt gehouden door twee naakte figuren met de gravure rondom, bovenaan, YVER EN BROEDERMIN en onderaan, BRUGGE en met rondom een cirkel met siermotieven.;;;;;;;;
Op de andere zijde staat de tekst, TOONEEL KUNDIGE KAMPSTRYD / Drama / Eerste Prijs / AEN DE / Maetschappy /  de Fonteinisten / TE GENT / 25 JULY 1855 (de eerste en de laatste zin volgen de rand).;;;;;;;;
;;;;;;;;
Yver en Broedermin werd gesticht op 24 november 1822. In tegenstelling tot de meer elitaire toneelvereniging Maatschappy van Vaderlandsche Taal en Letterkunde bestond ze uit burgers en lagere ambtenaren voor wie het gebruik van de Nederlandse taal noodzakelijk was. Ze kwamen wekelijks samen voor de voordrachtoefeningen, deftige en boertige uitgalmingen. Later ging het steeds meer om toneeloefeningen. Daarnaast namen ze ook deel aan wedstrijden van andere genootschappen en richtten er zelf ook in. De toneelspelen werden vaak opgefleurd met zang.;;;;;;;;
Op het einde van de negentiende eeuw was hun rol uitgespeeld en Yver en Broedermin hield op te bestaan rond 1880.;;;;;;;;
In juli 1855 richtten ze wedstrijden in voor meerdere toneeldisciplines. De Fonteinisten behaalden de eerste prijs zowel voor blijspel (A2013-61) als voor drama.;;;;;;;;
"Bruikleen van de rederijkerskamer De Fonteine."","""","""",1855,1855,""""";;;;;;;;
"12436.2-3,STAM (Gent),geheng,Hengsel,Tweeledig venstergeheng met accoladescharnier,"""","""","""","""",""""";;;;;;;;
"A2013.060,STAM (Gent),prijspenning,""Prijspenning voor de eerste prijs in de wedstrijd Blijspelen bij de maatschappij De Dageraed uit Antwerpen, 1855"",""De penning bestaat uit een effen rond plaatje gevat in een holle ring, versierd met een parelcirkel en een concave versierde boord en met rondom sierkrullen met bovenaan een opgewerkte kroon met draagring.";;;;;;;;
Zowel de ring, de buitenste versieringen en de kroon bovenaan zijn beschadigd.;;;;;;;;
Het plaatje is als volgt ingegraveerd :;;;;;;;;
Rondom bovenaan, Tooneel Maetschappy. / horizontaal, DE DAGERAED. / Antwerpen / 1855;;;;;;;;
En op de andere zijde rondom bovenaan, Kampstryd voor / Blijspelen / 19. Augustus. / 1e prys;;;;;;;;
;;;;;;;;
Tijdens de jaarlijkse kermis van Antwerpen van 1855 werd door de toneelmaatschappij De Dageraed op zondag 19 augustus een wedstrijd voor blijspelen georganiseerd. De Gentse afvaardiging bestond uit De Fonteine en Broedermin en Taelyver. Daarnaast was ook de Brusselse vereniging De Wyngaerd van de partij. De Fonteinisten voerden het stuk Gallomanie op en behaalden daarmee de eerste prijs met 3 tegen 2 stemmen van de vijfkoppige jury. Broedermin en Taelyver werden met eenparigheid van stemmen tweede met hun opvoering van het stuk Twee hanen en eene Hen. De Brusselaars, die hetzelfde stuk opvoerden als de Fonteine moesten met de derde plaats genoegen nemen.;;;;;;;;
Op de gravure van Bevel is deze penning afgebeeld met bovenaan een bol met ring. Bovendien lijkt het plaatje te klein voor de huidige kader en is daarom op vier plaatsen met tin soudure vastgehecht aan de ring. Mogelijk is dit niet de originele ring.;;;;;;;;
"Bruikleen van de rederijkerskamer De Fonteine."","""","""",1855,1855,""""";;;;;;;;
"01979.1-3,STAM (Gent),drukplaat,Domus Baronis de Rode in Desselberghe,""De plaat heeft een gegraveerde voorstelling van het kasteel  de Rode in Destelbergen zoals blijkt uit het opschrift. Bij de plaat zijn tevens twee afdrukken bewaard.";;;;;;;;
De drukplaat is vermoedelijk gebruikt voor de afbeelding van het kasteel in het boek van Antonius Sanderus, Flandria Illustrata, uitgave van 1641 of 1735.;;;;;;;;
"De drukplaat en prenten werden aangekocht in 1912 bij De Becker C."","""","""",1700,1799,""""";;;;;;;;
"A2013.064,STAM (Gent),prijspenning,""Prijspenning voor het toneelfestival van de Vlaemsche Ster uit Ieper, 1861"",""Bovenop een opkrullend veld staat het wapenschild van Ieper gehouden rechts door een staande leeuw die naar  rechts kijkt en een kanon op zijn schouder houdt en dat alles omgeven rechts en links door een lauriertak en met rondom een geprofileerde rand.";;;;;;;;
Op de keerzijde is binnen een krans van twee lauriertakken die onderaan samen gestrikt zijn, is ingegraveerd, 1861 / Tooneelkundig / Festival / 2e Serie / ---- / Vlaemsche / Ster en met rondom een geprofileerde rand.;;;;;;;;
;;;;;;;;
De Ieperse toneelkring De Vlaemsche Ster werd gesticht in 1857 onder kenspreuk Kunst Adelt. Het Stedelijk Museum van Ieper bewaard hun vlag gedateerd uit 1925 waar naast de prominente grote gekroonde ster, verwijzend naar hun titel “Koninklijk”, ook de Ieperse hallen staan afgebeeld, enerzijds in de toestand van vóór de oorlog en anderzijds de verwoeste hallen.;;;;;;;;
Reeds enkele jaren na hun oprichting organiseerde de Vlaamse Ster in 1861 een toneelfestival. Zowel Brusselse als Antwerpse en Gentse verenigingen begaven zich naar Ieper.;;;;;;;;
De eerste serie eindigde op 1 mei met de opvoering van de Brusselse maatschappij Morgenstar.;;;;;;;;
De Fonteine kwam in de tweede serie op de planken en werd laureaat. De stad Ieper bestelde in 1853 een speciale medaille bij Jacques Wiener met op de voorzijde het stadswapen en een lauwerkrans op de keerzijde. Deze medaille kon voor allerlei evenementen gebruikt worden. Ook voor dit festival werd ze uitgereikt met een aangepaste gravure op de keerzijde.;;;;;;;;
"Bruikleen van de rederijkerskamer De Fonteine."",""Wiener, Jacques"",ontwerper,1861,1861,België";;;;;;;;
"A2013.063,STAM (Gent),gedenkpenning,""Gedenkpenning voor het vijftig jarig bestaan van de rhetorica- maatschappij Voor Eer en Kunst uit Geraardsbergen, 1860"",""De penning bestaat uit een effen rond plaatje gevat in een holle ring, met een parelcirkel tussenin, en een boord versierd met bloemen en vruchten en met bovenaan twee sierkrullen en een kroon met draagring.";;;;;;;;
Het plaatje is als volgt ingegraveerd :;;;;;;;;
Rondom bovenaan, VYFTIGJARIG JUBELFEEST / horizontaal, der / MAETSCHAPPY / VAN / RHETORICA / Voor Eer en Kunst / 5 February / 1860. en met links bovenaan is een zilvermerk (zwaardje) ingeslagen.;;;;;;;;
aan de andere zijde,  AAN DE / KONINGLYKE / MAETSCHAPPY / tussen sierkrullen, van / RHETORICA / DE / Fonteinisten /  -- ° -- / GENT.;;;;;;;;
;;;;;;;;
De rhetoricamaatschappij Voor Eer en Kunst uit Geraardsbergen vierde op zondag 9 februari 1860 haar vijftig jarig bestaan en tevens werd een stichtend lid, de heer Van Lul, in de bloemetjes gezet.;;;;;;;;
De Fonteinisten waren uitgenodigd op deze viering die begon met het afhalen van de gevierde aan zijn woning waarna de heer Lemaitre, voorzitter van Voor Eer en Kunst, een banket aanbood aan beide verenigingen.;;;;;;;;
Nadien volgden enkele opvoeringen door de twee toneelmaatschappijen die veel bijval genoten.;;;;;;;;
De heer Van Lul ontving nadien een zilveren snuifdoos van het bestuur van zijn vereniging maar ook van de Fonteinisten mocht hij een penning in ontvangst nemen. De heer De Cock, burgemeester van Geraardsbergen, bedankte de Fonteine voor hun aanwezigheid op deze viering en overhandigde een penning die speciaal voor hen was gemaakt. Op de penning is per vergissing 5 februari vermeld.;;;;;;;;
"Bruikleen van de rederijkerskamer De Fonteine."","""","""",1860,1860,""""";;;;;;;;
"A2013.062,STAM (Gent),erepenning,""Erepenning aan Mevr. Van Peene van De Wijngaerd uit Brussel, 1855"",""De penning bestaat uit een apart plaatje in een ring met getande binnenkant en met bovenaan in zilver opgezette opengewerkte druivenranken met vruchten met daardoor een draagring.";;;;;;;;
Op het plaatje staat een apart opgezette en opengewerkte druiventak met twee grote bladeren en erboven een kroon en met rondom ingegraveerd, UIT ERKENTENIS VOOR HAER UITSTEKEND TALENT (bovenaan) ~14 october 1855 ~;;;;;;;;
Op de andere zijde is ingegraveerd, Aen / Mevrouw Ven Peene / de Werkende Leden der / Koninklijke Maatschappij / de Wyngaerd / te Brussel;;;;;;;;
;;;;;;;;
De naam van Virginie Miry is in de dubbele betekenis van het woord onverbreekbaar verbonden met die van Hippoliet Van Peene. Zij werd zijn teerbeminde echtgenote en zij werd de beste vertolkster van de voornaamste vrouwenrollen, die hij in zijn talrijke toneelstukken, treur-, zang- en blijspelen ontwierp.;;;;;;;;
Virginie Miry stamde uit een kunstenaarsfamilie, waar veel aan muziek werd gedaan. Haar broeder was een bekend violist uit het orkest van de Opera en orkestmeester in de Maatschappij van Rhetorica de Fonteine, Pieter Miry en een groot toneelliefhebber. Haar zuster Sophie Miry en haar nicht Pauline, de latere toneelspeelster Mevrouw Fauconnier, speelden zeer vroeg toneel in zangstukken, daar de beiden een lieve stem hadden. Karel Miry was de jonge neef van Pieter Miry, die hem trouwens zijn eerste muzieklessen gaf.;;;;;;;;
Na de dood van haar man, in 1864, heeft ze het toneel voor enige tijd vaarwel gezegd.;;;;;;;;
Nochtans trad ze op herhaald en dringend verzoek van ‘Broedermin en Taelyver’ weer op. De liefde voor het toneel overwon de smart om het verlies en de steun van haar man en inspirator.;;;;;;;;
Mevrouw Van Peene heeft haar man lang overleefd. In 1898 werd haar negentigste verjaardag met een groots huldebetoon gevierd.;;;;;;;;
In 1855 kreeg Mevrouw Van Peene van de toneelmaatschappij De wijngaerd uit Brussel deze bijzonder versierde erepenning.;;;;;;;;
Bijna vijfennegentig jaar oud is ze in 1902 gestorven en in het praalgraf van haar man bijgezet.;;;;;;;;
"Bruikleen van de rederijkerskamer De Fonteine."","""","""",1855,1855,""""";;;;;;;;
"A2013.061,STAM (Gent),prijspenning,""Prijspenning voor de eerste prijs voor Blijspel bij Yver en Broedermin uit Brugge, 1855"",""De penning bestaat uit een effen rond plaatje gevat in een ring, versierd met een parelcirkel en een concave versierde boord en met bovenaan twee sierkrullen met ertussen een bol (de draagring ontbreekt).";;;;;;;;
Het plaatje is als volgt ingegraveerd :;;;;;;;;
Centraal is een versiering opgezet bestaande uit een bijenkorf, staande op een verhoog, waarop een stok staat met bovenaan een brandende toorts, de stok wordt gehouden door twee naakte figuren met de gravure rondom, bovenaan, YVER EN BROEDERMIN en onderaan, BRUGGE en met rondom een cirkel met siermotieven.;;;;;;;;
Op de andere zijde de gravure, TOONEEL KUNDIGE KAMPSTRYD / Blijspel / Eerste Prijs / AEN DE / Maetschappy /  De Fonteinisten / TE GENT / 25 JULY 1855 (de eerste en de laatste zin volgen de rand). Boven de n in Fonteinisten staat een zilverteken (zwaardje).;;;;;;;;
;;;;;;;;
Yver en Broedermin werd gesticht op 24 november 1822. In tegenstelling tot de meer elitaire toneelvereniging Maatschappy van Vaderlandsche Taal en Letterkunde bestond ze uit burgers en lagere ambtenaren voor wie het gebruik van de Nederlandse taal noodzakelijk was. Ze kwamen wekelijks samen voor de voordrachtoefeningen, deftige en boertige uitgalmingen. Later ging het steeds meer om toneeloefeningen. Daarnaast namen ze ook deel aan wedstrijden van andere genootschappen en richtten er zelf ook in. De toneelspelen werden vaak opgefleurd met zang.;;;;;;;;
Op het einde van de negentiende eeuw was hun rol uitgespeeld en Yver en Broedermin hield op te bestaan rond 1880.;;;;;;;;
In juli 1855 richtten ze wedstrijden in voor meerdere toneeldisciplines. De Fonteinisten behaalden de eerste prijs zowel voor blijspel als voor drama.;;;;;;;;
"Bruikleen van de rederijkerskamer De Fonteine."","""","""",1855,1855,""""";;;;;;;;
"01693,STAM (Gent),collectebus,Offerbus,opschrift Q W C  ?,"""","""","""","""",""""";;;;;;;;
"A2013.066,STAM (Gent),prijspenning,""Prijspenning voor het toneelfestival te Veurne bij de inhuldiging van de Stadsschouwburg, 1863"",""Een rechterhand steek uit een beurs en met erop op een banderol, EN VAN ZINNEN JONG en rondom bovenaan, KONINGLYKE MAETSCHAPPY VAN RHETORICA. en onderaan, * VEURNE *  en met rondom een geprofileerde rand.";;;;;;;;
Op de andere zijde is binnen een krans van twee lauriertakken die onderaan samen gestrikt zijn, ingegraveerd, DEFTIG VAK / BESTEN / SAMEN HANG  en rondom tussen de krans en de geprofileerde rand, bovenaan, FESTIVAL 1863 en onderaan, * INHULDIGING STADS SCHOUWBURG *;;;;;;;;
;;;;;;;;
In 1863 werd te Gent op de Vrijdagmarkt het gloednieuwe standbeeld van Artevelde ingehuldigd. De Fonteinisten gaven bij deze gelegenheid een opvoering over deze Volksheld.;;;;;;;;
Ter gelegenheid van de inhuldiging van de nieuwe schouwburg te Veurne organiseerden de plaatselijke retorica-maatschappij Arm in de borze en van sinnen jong  een toneelfestival. Het festival zou lopen van 11 november 1863 tot april 1864. Naast vier verguld zilveren medailles waren ook geldprijzen van 60, 125 en 200 frank te verdienen.;;;;;;;;
Het programma zag er als volgt uit : voor 1863 op 4 oktober, de Fonteinisten uit Gent, 25 oktober de Vlaemsche Ster uit Ieper, 8 november Vreugd en Deugd uit Lokeren, 29 november De Kunst is ons Vermaek uit Ieper, 13 december De Wyngaerd uit Brussel en op 27 december Kunstliefde uit Brugge. In 1864 kwamen op de planken, op 10 januari Roeysche barbaristen uit Poperinge, 24 januari Van Vroescepe dinne uit Nieuwpoort, op 2de paasdag de Morgenstar uit Brussel en ten slotte op 10 april de Eik uit Antwerpen.;;;;;;;;
Er was echter een geschil aangaande het optreden van Kunstliefde uit Brugge. Zij zouden het stuk Ogarita, of de wilde vrouw ten tonele voeren, maar dit werd niet aanvaard door de organisatoren. Brugge weigerde echter af te zien van haar keuze en werd aldus geëlimineerd.;;;;;;;;
Op de plechtige prijsuitreiking op 24 april 1864 werden bekroond, de heer Gaspard Schram, van de maatschappij De Eik uit Antwerpen, als beste uitvoerder in het deftig vak voor zijn uitvoering in het stuk Laurens Coster. Voor het boertig vak werd de heer E. Posch van de Morgenstar uit Brussel, de laureaat voor zijn rol in het stuk De Rykdom der Armen. Als vrouwelijke actrice in het boertig vak werd mej. Em. De Weerdt van de Vlaemsche Ster uit Ieper uitverkoren voor haar rol in Twee Hanen en een Henne.;;;;;;;;
Bijzondere prijzen werden toegekend enerzijds aan de heer F. Broeckaert, van Vreugd en Deugd uit Lokeren, voor zijn rol in De Bloedvlek. Anderzijds kregen de Fonteinisten eveneens een bijzondere prijs voor de beste samenhang en het natuurlijkste spel in het stuk De Blinde.;;;;;;;;
"Bruikleen van de rederijkerskamer De Fonteine."","""","""",1863,1863,""""";;;;;;;;
"A2013.065,STAM (Gent),prijspenning,""Prijspenning voor de derde prijs voor Blijspel bij Yver en Broedermin uit Brugge, 1862"",""De penning bestaat uit een effen rond plaatje gevat in een ring, met een concave versierde boord en met bovenaan twee samen gedraaide banden die bevestigd zijn aan een bol met draagring. Op de buitenzijde van de ring zijn twee merktekens ingeslagen : één met een zwaardje (zilvermerk) en één met de letter P (makersteken).,";;;;;;;;
Het plaatje is als volgt ingegraveerd :;;;;;;;;
Centraal is een versiering opgezet bestaande uit een bijenkorf, staande op een verhoog, waarop een stok staat met bovenaan een brandende toorts, de stok wordt gehouden door twee naakte figuren en met onder het verhoog, BRUGGE en rondom bovenaan gegraveerd, KONINKLIJKE MAATSCHAPPIJ IJVER EN BROEDERMIN;;;;;;;;
Op de andere zijde staat rondom bovenaan, VII NEDERLANDSCH TAALKONGRES. / horizontaal, Prijskamp / voor / BLIJSPELEN / 7-8 September 1862 / Derde Prijs;;;;;;;;
;;;;;;;;
Van 8 tot 10 september 1862 werd te Brugge het 7de Nederlands taal- en letterkundig congres gehouden, het was een initiatief van zowel de Noord-Nederlandse als de Belgische letterkundigen. De heer Vrambout, gouverneur van West-Vlaanderen, nam de organisatie voor zijn rekening. In tegenstelling tot vorige edities wou hij grote festiviteiten als omkadering van het congres. De deelnemers werden onthaald aan het Brugse station door een stoet van de massaal opgekomen verenigingen. Na een ontvangst op de Burg begaven ze zich naar het gebouw van het provinciaal gouvernement, waar het eigenlijke congres kon starten. Ondertussen hadden talrijke wedstrijden plaats, o.a. een muziekwedstrijd waar onder meer de Gentse maatschappijen, De Verenigde Werklieden en De Leie en Scheldegalm deelnamen. Bij de wedstrijd voor blijspelen, georganiseerd door de plaatselijke maatschappij Yver en Broedermin waren de Gentse Fonteinisten van de partij en eindigden op de derde plaats. Er waren tevens prijzen voorzien voor de vereniging met de mooiste kledij, het schoonste banier, het grootste aantal leden en van het verst komende.;;;;;;;;
De manifestaties werden afgerond door de organisatie van een groot banket, in de stedelijke concertzaal voor 460 genodigden. Na de gebruikelijke toespraken overhandigde de heer Vrambout aan alle aanwezigen een gedenkpenning met het borstbeeld van Jacob Van Maerlant.;;;;;;;;
De prijsmedaille voor de toneelwedstrijd zelf kwam van de vereniging Yver en Broedermin en was versierd met hun logo zoals deze uitgereikt in 1855 (A2013-59 & A2013-61).;;;;;;;;
"Bruikleen van de rederijkerskamer De Fonteine."","""","""",1862,1862,""""";;;;;;;;
"A79.03,STAM (Gent),amfoor,""Scherpe puntamfoor van het klassiek Romeinse type, Dressel 1"","""","""","""",-0099,0000,""""";;;;;;;;
"A71.02.01.2-3,STAM (Gent),lepel,Lepel,""Lepel met eivormige schep en een steel van het vioolkast-type. Merken op de keerzijde van steel: jaarcijfer, (17)74, stadskeuren: gekroonde G en vizierhelm, meesterteken van J. Deprez, exportmerk gotische E. Eigenaarsinitialen: J.G."",""Deprez, Johannes"",edelsmid,1774,1774,Gent";;;;;;;;
"N.00610.1-2,STAM (Gent),draagpenning,""Kenteken van het  7de katoencongres tijdens de Wereldtentoonstelling te Brussel, 1910"",""Op de voorzijde zit een vrouw rechts op een steen in profiel naar links, ze draagt een lang gewaad en een doek op het hoofd gebonden"; ze plukt met haar rechterhand katoen van struiken vóór haar en haar linkerhand rust op een mand met reeds geplukte katoen ; onderaan langs de verhoogde rand, verdiept, CH SAMUEL;;;;;;
De keerzijde heeft bovenaan takken met katoen en eronder de tekst, VIIE CONGRÉS / COTONNIER INTERNATIONAL / BRUXELLES I9I0 en rondom een verhoogde rand.;;;;;;;;
;;;;;;;;
"Ter gelegenheid van de Wereldtentoonstelling te Brussel in 1910 werd door de """"Association Cotonnière de Belgique"""" het zevende internationale Congres georganiseerd. Het ging door van 6 tot 8 juni 1910."",""Samuel, Charles"",ontwerper,1910,1910,Brussel";;;;;;;;
"04062,STAM (Gent),calque,Twee geknielde figuren (muurschildering Leugemeete),""Calque van een (verdwenen) 14de-eeuwse muurschildering in de kapel van de Leugemeete (Godshuis van St.-Jan en St.-Pauwel) te Gent, met voorstelling van twee geknielde personages."",onbekend,ontwerper,1961,1961,Gent";;;;;;;;
"04063,STAM (Gent),calque,De opstanding van Christus (muurschildering Leugemeete),""Calque van een (verdwenen) 14de-eeuwse muurschildering in de kapel van de Leugemeete (Godshuis van St.-Jan en St.-Pauwel) te Gent, met voorstelling van de verrijzenis van Christus."",onbekend,ontwerper,1861,1861,Gent";;;;;;;;
"04065,STAM (Gent),calque,Vita van Johannes de Evangelist (muurschildering Leugemeete),""Calque van een (verdwenen) 14de-eeuwse muurschildering in de kapel van de Leugemeete (Godshuis van St.-Jan en St.-Pauwel) te Gent, met voorstelling van 16 taferelen uit het leven van Sint-Jan de Evangelist."",onbekend,ontwerper,1861,1861,Gent";;;;;;;;
"04074,STAM (Gent),olieverfschildering,Kopie op ware grootte van een verdwenen muurschildering in het huis Spijkboort,""Kopie op ware grootte van een verdwenen muurschildering in het huis Spijkeboort, Geldmunt 16, te Gent. Enkel het rechter en linker deel van de muurschildring bleef bewaard en is daardoor moeilijk te identificeren. We bemerken rechts een soort omheiningsmuur en een fragment van een mantel van een personage. Links is een gebouw weergegeven.";;;;;;;;
In maart 1905 ontdekte men in de achterplaats (kant Haringsteeg) van het huis Spijkeboort, Geldmunt 16, toen bewoond door de heer Dubois, apotheker, muurschilderingen die dateerden van ca. 1500.  Men identificeerde o.a. de voorstelling van het Laatste Avondmaal  en een fragement van een gebouw.;;;;;;;;
"Aan de kunstschilder Frans Coppejans, werd gevraagd om kopieën op ware grootte te realiseren. Hij voerde dit werk uit op doek. Het museum kocht de kopiën aan voor 300 frank."",""Coppejans, Frans-Jozef"",schilder,1905,1905,Gent";;;;;;;;
"04067,STAM (Gent),calque,Zwevende engel met wierookvat (muurschildering Leugemeete),""Calque van een (verdwenen) 14de-eeuwse muurschildering in de kapel van de Leugemeete (Godshuis van St.-Jan en St.-Pauwel) te Gent, met voorstelling van een wierookzwaaiende engel in de zwiek van een gotische boog."",onbekend,ontwerper,1861,1861,Gent";;;;;;;;
04068,STAM (Gent),calque,Fragment van een gotische nis met decoratieve plantmotieven,Calque van een verdwenen muurschildering uit de Leugemeete te Gent,onbekend,ontwerper,1861,1861,Gent;;;;;;;;
